path,root,basename,type,scan_time
customers\yhty-20260319\680663e0-4b93-4c77-9f68-cc8ec4e80ae3\logs\info.log,customers\yhty-20260319\680663e0-4b93-4c77-9f68-cc8ec4e80ae3\logs,info.log,file,2026-04-24 17:45:19
customers\yhty-20260319\680663e0-4b93-4c77-9f68-cc8ec4e80ae3\logs\error.log,customers\yhty-20260319\680663e0-4b93-4c77-9f68-cc8ec4e80ae3\logs,error.log,file,2026-04-24 17:45:19
customers\yhty-20260319\680663e0-4b93-4c77-9f68-cc8ec4e80ae3\logs\warning.log,customers\yhty-20260319\680663e0-4b93-4c77-9f68-cc8ec4e80ae3\logs,warning.log,file,2026-04-24 17:45:19
customers\yhty-20260319\f04cc327-3bed-472f-a2c4-037f3a707fc4\logs\info.log,customers\yhty-20260319\f04cc327-3bed-472f-a2c4-037f3a707fc4\logs,info.log,file,2026-04-24 17:45:20
customers\yhty-20260319\f04cc327-3bed-472f-a2c4-037f3a707fc4\logs\error.log,customers\yhty-20260319\f04cc327-3bed-472f-a2c4-037f3a707fc4\logs,error.log,file,2026-04-24 17:45:20
customers\yhty-20260319\f04cc327-3bed-472f-a2c4-037f3a707fc4\logs\warning.log,customers\yhty-20260319\f04cc327-3bed-472f-a2c4-037f3a707fc4\logs,warning.log,file,2026-04-24 17:45:20
customers\yhty-20260319\3c17b141-a260-41ac-8950-9ffc24c3e6cd\logs\info.log,customers\yhty-20260319\3c17b141-a260-41ac-8950-9ffc24c3e6cd\logs,info.log,file,2026-04-24 17:45:20
customers\yhty-20260319\3c17b141-a260-41ac-8950-9ffc24c3e6cd\logs\error.log,customers\yhty-20260319\3c17b141-a260-41ac-8950-9ffc24c3e6cd\logs,error.log,file,2026-04-24 17:45:20
customers\yhty-20260319\3c17b141-a260-41ac-8950-9ffc24c3e6cd\logs\warning.log,customers\yhty-20260319\3c17b141-a260-41ac-8950-9ffc24c3e6cd\logs,warning.log,file,2026-04-24 17:45:20
customers\yhty-20260319\80d8d954-05f3-4c79-9173-000d145bf7d5\logs\info.log,customers\yhty-20260319\80d8d954-05f3-4c79-9173-000d145bf7d5\logs,info.log,file,2026-04-24 17:45:21
customers\yhty-20260319\80d8d954-05f3-4c79-9173-000d145bf7d5\logs\error.log,customers\yhty-20260319\80d8d954-05f3-4c79-9173-000d145bf7d5\logs,error.log,file,2026-04-24 17:45:21
customers\yhty-20260319\80d8d954-05f3-4c79-9173-000d145bf7d5\logs\warning.log,customers\yhty-20260319\80d8d954-05f3-4c79-9173-000d145bf7d5\logs,warning.log,file,2026-04-24 17:45:21
customers\yhty-20260319\45096df5-587b-4807-8963-243279be648e\logs\info.log,customers\yhty-20260319\45096df5-587b-4807-8963-243279be648e\logs,info.log,file,2026-04-24 17:45:22
customers\yhty-20260319\45096df5-587b-4807-8963-243279be648e\logs\error.log,customers\yhty-20260319\45096df5-587b-4807-8963-243279be648e\logs,error.log,file,2026-04-24 17:45:22
customers\yhty-20260319\45096df5-587b-4807-8963-243279be648e\logs\warning.log,customers\yhty-20260319\45096df5-587b-4807-8963-243279be648e\logs,warning.log,file,2026-04-24 17:45:22
customers\yhty-20260319\a75b9778-adfe-4308-8a4b-070065f94419\logs\info.log,customers\yhty-20260319\a75b9778-adfe-4308-8a4b-070065f94419\logs,info.log,file,2026-04-24 17:45:22
customers\yhty-20260319\a75b9778-adfe-4308-8a4b-070065f94419\logs\error.log,customers\yhty-20260319\a75b9778-adfe-4308-8a4b-070065f94419\logs,error.log,file,2026-04-24 17:45:22
customers\yhty-20260319\a75b9778-adfe-4308-8a4b-070065f94419\logs\warning.log,customers\yhty-20260319\a75b9778-adfe-4308-8a4b-070065f94419\logs,warning.log,file,2026-04-24 17:45:22
customers\yhty-20260319\513db4f3-b91f-4b88-bfc9-a2d4e09b3e59\logs\info.log,customers\yhty-20260319\513db4f3-b91f-4b88-bfc9-a2d4e09b3e59\logs,info.log,file,2026-04-24 17:45:23
customers\yhty-20260319\513db4f3-b91f-4b88-bfc9-a2d4e09b3e59\logs\error.log,customers\yhty-20260319\513db4f3-b91f-4b88-bfc9-a2d4e09b3e59\logs,error.log,file,2026-04-24 17:45:23
customers\yhty-20260319\513db4f3-b91f-4b88-bfc9-a2d4e09b3e59\logs\warning.log,customers\yhty-20260319\513db4f3-b91f-4b88-bfc9-a2d4e09b3e59\logs,warning.log,file,2026-04-24 17:45:23
customers\yhty-20260319\ffe0dd56-c6c1-453c-93e2-bb0cb70253ba\logs\info.log,customers\yhty-20260319\ffe0dd56-c6c1-453c-93e2-bb0cb70253ba\logs,info.log,file,2026-04-24 17:45:24
customers\yhty-20260319\ffe0dd56-c6c1-453c-93e2-bb0cb70253ba\logs\error.log,customers\yhty-20260319\ffe0dd56-c6c1-453c-93e2-bb0cb70253ba\logs,error.log,file,2026-04-24 17:45:24
customers\yhty-20260319\ffe0dd56-c6c1-453c-93e2-bb0cb70253ba\logs\warning.log,customers\yhty-20260319\ffe0dd56-c6c1-453c-93e2-bb0cb70253ba\logs,warning.log,file,2026-04-24 17:45:24
customers\yhty-20260319\d532eb9e-7570-4593-880d-714504f4334e\logs\info.log,customers\yhty-20260319\d532eb9e-7570-4593-880d-714504f4334e\logs,info.log,file,2026-04-24 17:45:25
customers\yhty-20260319\d532eb9e-7570-4593-880d-714504f4334e\logs\error.log,customers\yhty-20260319\d532eb9e-7570-4593-880d-714504f4334e\logs,error.log,file,2026-04-24 17:45:25
customers\yhty-20260319\d532eb9e-7570-4593-880d-714504f4334e\logs\warning.log,customers\yhty-20260319\d532eb9e-7570-4593-880d-714504f4334e\logs,warning.log,file,2026-04-24 17:45:25
customers\yhty-20260319\4ae6ebf1-fa91-4fae-9957-d7d6cff0d97f\logs\info.log,customers\yhty-20260319\4ae6ebf1-fa91-4fae-9957-d7d6cff0d97f\logs,info.log,file,2026-04-24 17:45:26
customers\yhty-20260319\4ae6ebf1-fa91-4fae-9957-d7d6cff0d97f\logs\error.log,customers\yhty-20260319\4ae6ebf1-fa91-4fae-9957-d7d6cff0d97f\logs,error.log,file,2026-04-24 17:45:26
customers\yhty-20260319\4ae6ebf1-fa91-4fae-9957-d7d6cff0d97f\logs\warning.log,customers\yhty-20260319\4ae6ebf1-fa91-4fae-9957-d7d6cff0d97f\logs,warning.log,file,2026-04-24 17:45:26
customers\yhty-20260319\0f72a4c1-137f-4552-b920-a7730937761d\logs\info.log,customers\yhty-20260319\0f72a4c1-137f-4552-b920-a7730937761d\logs,info.log,file,2026-04-24 17:45:27
customers\yhty-20260319\0f72a4c1-137f-4552-b920-a7730937761d\logs\error.log,customers\yhty-20260319\0f72a4c1-137f-4552-b920-a7730937761d\logs,error.log,file,2026-04-24 17:45:27
customers\yhty-20260319\0f72a4c1-137f-4552-b920-a7730937761d\logs\warning.log,customers\yhty-20260319\0f72a4c1-137f-4552-b920-a7730937761d\logs,warning.log,file,2026-04-24 17:45:27
customers\yhty-20260319\11aa0bd1-51bb-4ced-8aa8-b87a821365a3\logs\info.log,customers\yhty-20260319\11aa0bd1-51bb-4ced-8aa8-b87a821365a3\logs,info.log,file,2026-04-24 17:45:27
customers\yhty-20260319\11aa0bd1-51bb-4ced-8aa8-b87a821365a3\logs\error.log,customers\yhty-20260319\11aa0bd1-51bb-4ced-8aa8-b87a821365a3\logs,error.log,file,2026-04-24 17:45:27
customers\yhty-20260319\11aa0bd1-51bb-4ced-8aa8-b87a821365a3\logs\warning.log,customers\yhty-20260319\11aa0bd1-51bb-4ced-8aa8-b87a821365a3\logs,warning.log,file,2026-04-24 17:45:27
customers\yhty-20260319\b5cf0b22-a7d4-4f1d-91fd-5d158428ab3c\logs\info.log,customers\yhty-20260319\b5cf0b22-a7d4-4f1d-91fd-5d158428ab3c\logs,info.log,file,2026-04-24 17:45:28
customers\yhty-20260319\b5cf0b22-a7d4-4f1d-91fd-5d158428ab3c\logs\error.log,customers\yhty-20260319\b5cf0b22-a7d4-4f1d-91fd-5d158428ab3c\logs,error.log,file,2026-04-24 17:45:28
customers\yhty-20260319\b5cf0b22-a7d4-4f1d-91fd-5d158428ab3c\logs\warning.log,customers\yhty-20260319\b5cf0b22-a7d4-4f1d-91fd-5d158428ab3c\logs,warning.log,file,2026-04-24 17:45:28
customers\yhty-20260319\65b80637-e904-42b3-9b95-61a7865d7e9d\logs\info.log,customers\yhty-20260319\65b80637-e904-42b3-9b95-61a7865d7e9d\logs,info.log,file,2026-04-24 17:45:29
customers\yhty-20260319\65b80637-e904-42b3-9b95-61a7865d7e9d\logs\error.log,customers\yhty-20260319\65b80637-e904-42b3-9b95-61a7865d7e9d\logs,error.log,file,2026-04-24 17:45:29
customers\yhty-20260319\65b80637-e904-42b3-9b95-61a7865d7e9d\logs\warning.log,customers\yhty-20260319\65b80637-e904-42b3-9b95-61a7865d7e9d\logs,warning.log,file,2026-04-24 17:45:29
customers\yhty-20260319\a891b8c3-a436-4327-8176-c704b5d7663c\logs\info.log,customers\yhty-20260319\a891b8c3-a436-4327-8176-c704b5d7663c\logs,info.log,file,2026-04-24 17:45:30
customers\yhty-20260319\a891b8c3-a436-4327-8176-c704b5d7663c\logs\error.log,customers\yhty-20260319\a891b8c3-a436-4327-8176-c704b5d7663c\logs,error.log,file,2026-04-24 17:45:30
customers\yhty-20260319\a891b8c3-a436-4327-8176-c704b5d7663c\logs\warning.log,customers\yhty-20260319\a891b8c3-a436-4327-8176-c704b5d7663c\logs,warning.log,file,2026-04-24 17:45:30
customers\yhty-20260319\0ffa4610-d81a-4c3f-91e3-e3d445ce5dba\logs\info.log,customers\yhty-20260319\0ffa4610-d81a-4c3f-91e3-e3d445ce5dba\logs,info.log,file,2026-04-24 17:45:31
customers\yhty-20260319\0ffa4610-d81a-4c3f-91e3-e3d445ce5dba\logs\error.log,customers\yhty-20260319\0ffa4610-d81a-4c3f-91e3-e3d445ce5dba\logs,error.log,file,2026-04-24 17:45:31
customers\yhty-20260319\0ffa4610-d81a-4c3f-91e3-e3d445ce5dba\logs\warning.log,customers\yhty-20260319\0ffa4610-d81a-4c3f-91e3-e3d445ce5dba\logs,warning.log,file,2026-04-24 17:45:31
customers\yhty-20260319\074baea3-9619-40c5-86bb-cfc636e3d36d\logs\info.log,customers\yhty-20260319\074baea3-9619-40c5-86bb-cfc636e3d36d\logs,info.log,file,2026-04-24 17:45:31
customers\yhty-20260319\074baea3-9619-40c5-86bb-cfc636e3d36d\logs\error.log,customers\yhty-20260319\074baea3-9619-40c5-86bb-cfc636e3d36d\logs,error.log,file,2026-04-24 17:45:31
customers\yhty-20260319\074baea3-9619-40c5-86bb-cfc636e3d36d\logs\warning.log,customers\yhty-20260319\074baea3-9619-40c5-86bb-cfc636e3d36d\logs,warning.log,file,2026-04-24 17:45:31
customers\yhty-20260319\01356749-6423-4380-bdc8-2363fbab578b\logs\info.log,customers\yhty-20260319\01356749-6423-4380-bdc8-2363fbab578b\logs,info.log,file,2026-04-24 17:45:32
customers\yhty-20260319\01356749-6423-4380-bdc8-2363fbab578b\logs\error.log,customers\yhty-20260319\01356749-6423-4380-bdc8-2363fbab578b\logs,error.log,file,2026-04-24 17:45:32
customers\yhty-20260319\01356749-6423-4380-bdc8-2363fbab578b\logs\warning.log,customers\yhty-20260319\01356749-6423-4380-bdc8-2363fbab578b\logs,warning.log,file,2026-04-24 17:45:32
customers\yhty-20260319\0565750b-0f8f-421d-99a8-872f956e2b3f\logs\info.log,customers\yhty-20260319\0565750b-0f8f-421d-99a8-872f956e2b3f\logs,info.log,file,2026-04-24 17:45:33
customers\yhty-20260319\0565750b-0f8f-421d-99a8-872f956e2b3f\logs\error.log,customers\yhty-20260319\0565750b-0f8f-421d-99a8-872f956e2b3f\logs,error.log,file,2026-04-24 17:45:33
customers\yhty-20260319\0565750b-0f8f-421d-99a8-872f956e2b3f\logs\warning.log,customers\yhty-20260319\0565750b-0f8f-421d-99a8-872f956e2b3f\logs,warning.log,file,2026-04-24 17:45:33
customers\yhty-20260319\d27d6cbd-6e38-4e89-848f-916c60e66a2d\logs\info.log,customers\yhty-20260319\d27d6cbd-6e38-4e89-848f-916c60e66a2d\logs,info.log,file,2026-04-24 17:45:33
customers\yhty-20260319\d27d6cbd-6e38-4e89-848f-916c60e66a2d\logs\error.log,customers\yhty-20260319\d27d6cbd-6e38-4e89-848f-916c60e66a2d\logs,error.log,file,2026-04-24 17:45:33
customers\yhty-20260319\d27d6cbd-6e38-4e89-848f-916c60e66a2d\logs\warning.log,customers\yhty-20260319\d27d6cbd-6e38-4e89-848f-916c60e66a2d\logs,warning.log,file,2026-04-24 17:45:33
customers\yhty-20260319\96f7073a-0497-4c6c-b746-5534566e9ecb\logs\info.log,customers\yhty-20260319\96f7073a-0497-4c6c-b746-5534566e9ecb\logs,info.log,file,2026-04-24 17:45:34
customers\yhty-20260319\96f7073a-0497-4c6c-b746-5534566e9ecb\logs\warning.log,customers\yhty-20260319\96f7073a-0497-4c6c-b746-5534566e9ecb\logs,warning.log,file,2026-04-24 17:45:34
customers\yhty-20260319\5acc6c27-0fdf-41d8-b76c-bbad8ebdc102\logs\info.log,customers\yhty-20260319\5acc6c27-0fdf-41d8-b76c-bbad8ebdc102\logs,info.log,file,2026-04-24 17:45:35
customers\yhty-20260319\5acc6c27-0fdf-41d8-b76c-bbad8ebdc102\logs\warning.log,customers\yhty-20260319\5acc6c27-0fdf-41d8-b76c-bbad8ebdc102\logs,warning.log,file,2026-04-24 17:45:35
customers\yhty-20260319\0bfd13e0-68c7-4475-b7bf-1db2d9f8effe\logs\info.log,customers\yhty-20260319\0bfd13e0-68c7-4475-b7bf-1db2d9f8effe\logs,info.log,file,2026-04-24 17:45:36
customers\yhty-20260319\0bfd13e0-68c7-4475-b7bf-1db2d9f8effe\logs\warning.log,customers\yhty-20260319\0bfd13e0-68c7-4475-b7bf-1db2d9f8effe\logs,warning.log,file,2026-04-24 17:45:36
customers\yhty-20260319\4dd1062a-ad40-442f-b1b1-79a785650688\logs\info.log,customers\yhty-20260319\4dd1062a-ad40-442f-b1b1-79a785650688\logs,info.log,file,2026-04-24 17:45:36
customers\yhty-20260319\4dd1062a-ad40-442f-b1b1-79a785650688\logs\warning.log,customers\yhty-20260319\4dd1062a-ad40-442f-b1b1-79a785650688\logs,warning.log,file,2026-04-24 17:45:36
customers\yhty-20260319\26d01c4a-8e41-4153-ac8e-965efd629ea7\logs\info.log,customers\yhty-20260319\26d01c4a-8e41-4153-ac8e-965efd629ea7\logs,info.log,file,2026-04-24 17:45:37
customers\yhty-20260319\26d01c4a-8e41-4153-ac8e-965efd629ea7\logs\warning.log,customers\yhty-20260319\26d01c4a-8e41-4153-ac8e-965efd629ea7\logs,warning.log,file,2026-04-24 17:45:37
customers\yhty-20260319\9177e3a9-145b-4d3b-a096-adaf08f3c92a\logs\info.log,customers\yhty-20260319\9177e3a9-145b-4d3b-a096-adaf08f3c92a\logs,info.log,file,2026-04-24 17:45:38
customers\yhty-20260319\9177e3a9-145b-4d3b-a096-adaf08f3c92a\logs\warning.log,customers\yhty-20260319\9177e3a9-145b-4d3b-a096-adaf08f3c92a\logs,warning.log,file,2026-04-24 17:45:38
customers\yhty-20260319\f768f533-67ea-4738-a327-0bc7a84580de\logs\info.log,customers\yhty-20260319\f768f533-67ea-4738-a327-0bc7a84580de\logs,info.log,file,2026-04-24 17:45:39
customers\yhty-20260319\f768f533-67ea-4738-a327-0bc7a84580de\logs\warning.log,customers\yhty-20260319\f768f533-67ea-4738-a327-0bc7a84580de\logs,warning.log,file,2026-04-24 17:45:39
customers\yhty-20260319\2cd7d4cd-023b-4017-9108-d4e26698f398\logs\info.log,customers\yhty-20260319\2cd7d4cd-023b-4017-9108-d4e26698f398\logs,info.log,file,2026-04-24 17:45:39
customers\yhty-20260319\2cd7d4cd-023b-4017-9108-d4e26698f398\logs\warning.log,customers\yhty-20260319\2cd7d4cd-023b-4017-9108-d4e26698f398\logs,warning.log,file,2026-04-24 17:45:39
customers\yhty-20260319\c4ebd23e-13cd-4347-a355-d75480f57e3b\logs\info.log,customers\yhty-20260319\c4ebd23e-13cd-4347-a355-d75480f57e3b\logs,info.log,file,2026-04-24 17:45:40
customers\yhty-20260319\c4ebd23e-13cd-4347-a355-d75480f57e3b\logs\warning.log,customers\yhty-20260319\c4ebd23e-13cd-4347-a355-d75480f57e3b\logs,warning.log,file,2026-04-24 17:45:40
customers\yhty-20260319\da7c6245-7bba-4f63-9f8b-edc4b3c127af\logs\info.log,customers\yhty-20260319\da7c6245-7bba-4f63-9f8b-edc4b3c127af\logs,info.log,file,2026-04-24 17:45:41
customers\yhty-20260319\da7c6245-7bba-4f63-9f8b-edc4b3c127af\logs\warning.log,customers\yhty-20260319\da7c6245-7bba-4f63-9f8b-edc4b3c127af\logs,warning.log,file,2026-04-24 17:45:41
customers\yhty-20260319\b44104b1-f4cd-4747-b667-59fc40fb727e\logs\info.log,customers\yhty-20260319\b44104b1-f4cd-4747-b667-59fc40fb727e\logs,info.log,file,2026-04-24 17:45:42
customers\yhty-20260319\b44104b1-f4cd-4747-b667-59fc40fb727e\logs\warning.log,customers\yhty-20260319\b44104b1-f4cd-4747-b667-59fc40fb727e\logs,warning.log,file,2026-04-24 17:45:42
customers\yhty-20260319\0bfef8dd-ad5d-4b42-967d-9244b3a712f3\logs\info.log,customers\yhty-20260319\0bfef8dd-ad5d-4b42-967d-9244b3a712f3\logs,info.log,file,2026-04-24 17:45:43
customers\yhty-20260319\0bfef8dd-ad5d-4b42-967d-9244b3a712f3\logs\warning.log,customers\yhty-20260319\0bfef8dd-ad5d-4b42-967d-9244b3a712f3\logs,warning.log,file,2026-04-24 17:45:43
customers\yhty-20260319\7f27a3b7-7c94-4dda-b931-6ff667315829\logs\info.log,customers\yhty-20260319\7f27a3b7-7c94-4dda-b931-6ff667315829\logs,info.log,file,2026-04-24 17:45:44
customers\yhty-20260319\7f27a3b7-7c94-4dda-b931-6ff667315829\logs\warning.log,customers\yhty-20260319\7f27a3b7-7c94-4dda-b931-6ff667315829\logs,warning.log,file,2026-04-24 17:45:44
customers\yhty-20260319\3f57d2c7-afee-4057-9013-26e62d89e7b7\logs\info.log,customers\yhty-20260319\3f57d2c7-afee-4057-9013-26e62d89e7b7\logs,info.log,file,2026-04-24 17:45:44
customers\yhty-20260319\3f57d2c7-afee-4057-9013-26e62d89e7b7\logs\warning.log,customers\yhty-20260319\3f57d2c7-afee-4057-9013-26e62d89e7b7\logs,warning.log,file,2026-04-24 17:45:44
customers\yhty-20260319\534b7383-5179-489c-93fe-57f76c2ed7a8\logs\info.log,customers\yhty-20260319\534b7383-5179-489c-93fe-57f76c2ed7a8\logs,info.log,file,2026-04-24 17:45:45
customers\yhty-20260319\534b7383-5179-489c-93fe-57f76c2ed7a8\logs\warning.log,customers\yhty-20260319\534b7383-5179-489c-93fe-57f76c2ed7a8\logs,warning.log,file,2026-04-24 17:45:45
customers\yhty-20260319\bbb4a3d1-9b34-451a-b11f-647f17f18ab9\logs\info.log,customers\yhty-20260319\bbb4a3d1-9b34-451a-b11f-647f17f18ab9\logs,info.log,file,2026-04-24 17:45:45
customers\yhty-20260319\bbb4a3d1-9b34-451a-b11f-647f17f18ab9\logs\warning.log,customers\yhty-20260319\bbb4a3d1-9b34-451a-b11f-647f17f18ab9\logs,warning.log,file,2026-04-24 17:45:45
customers\yhty-20260319\a2ea59ef-37f0-4203-8476-a5556e254cc6\logs\info.log,customers\yhty-20260319\a2ea59ef-37f0-4203-8476-a5556e254cc6\logs,info.log,file,2026-04-24 17:45:46
customers\yhty-20260319\a2ea59ef-37f0-4203-8476-a5556e254cc6\logs\warning.log,customers\yhty-20260319\a2ea59ef-37f0-4203-8476-a5556e254cc6\logs,warning.log,file,2026-04-24 17:45:46
customers\yhty-20260319\e69d360c-8aa4-4d32-80ab-be163ac2974a\logs\info.log,customers\yhty-20260319\e69d360c-8aa4-4d32-80ab-be163ac2974a\logs,info.log,file,2026-04-24 17:45:47
customers\yhty-20260319\e69d360c-8aa4-4d32-80ab-be163ac2974a\logs\warning.log,customers\yhty-20260319\e69d360c-8aa4-4d32-80ab-be163ac2974a\logs,warning.log,file,2026-04-24 17:45:47
customers\yhty-20260319\5194b174-38a1-42c7-af83-3997c8beb8e1\logs\info.log,customers\yhty-20260319\5194b174-38a1-42c7-af83-3997c8beb8e1\logs,info.log,file,2026-04-24 17:45:48
customers\yhty-20260319\5194b174-38a1-42c7-af83-3997c8beb8e1\logs\warning.log,customers\yhty-20260319\5194b174-38a1-42c7-af83-3997c8beb8e1\logs,warning.log,file,2026-04-24 17:45:48
customers\yhty-20260319\b31bc92c-d272-42e4-8403-c6be728d1b93\logs\info.log,customers\yhty-20260319\b31bc92c-d272-42e4-8403-c6be728d1b93\logs,info.log,file,2026-04-24 17:45:48
customers\yhty-20260319\b31bc92c-d272-42e4-8403-c6be728d1b93\logs\warning.log,customers\yhty-20260319\b31bc92c-d272-42e4-8403-c6be728d1b93\logs,warning.log,file,2026-04-24 17:45:48
customers\yhty-20260319\81f252db-ed31-49d6-bdef-0057dfe88558\logs\info.log,customers\yhty-20260319\81f252db-ed31-49d6-bdef-0057dfe88558\logs,info.log,file,2026-04-24 17:45:49
customers\yhty-20260319\81f252db-ed31-49d6-bdef-0057dfe88558\logs\warning.log,customers\yhty-20260319\81f252db-ed31-49d6-bdef-0057dfe88558\logs,warning.log,file,2026-04-24 17:45:49
customers\yhty-20260319\bde65538-3a8f-495b-8c74-d39deaeaba1d\logs\info.log,customers\yhty-20260319\bde65538-3a8f-495b-8c74-d39deaeaba1d\logs,info.log,file,2026-04-24 17:45:50
customers\yhty-20260319\bde65538-3a8f-495b-8c74-d39deaeaba1d\logs\warning.log,customers\yhty-20260319\bde65538-3a8f-495b-8c74-d39deaeaba1d\logs,warning.log,file,2026-04-24 17:45:50
customers\yhty-20260319\3c441ce7-ff06-4282-acbf-763807fd3e35\logs\info.log,customers\yhty-20260319\3c441ce7-ff06-4282-acbf-763807fd3e35\logs,info.log,file,2026-04-24 17:45:50
customers\yhty-20260319\3c441ce7-ff06-4282-acbf-763807fd3e35\logs\warning.log,customers\yhty-20260319\3c441ce7-ff06-4282-acbf-763807fd3e35\logs,warning.log,file,2026-04-24 17:45:50
customers\yhty-20260319\2888d46e-223c-433e-815d-99c09876ace8\logs\info.log,customers\yhty-20260319\2888d46e-223c-433e-815d-99c09876ace8\logs,info.log,file,2026-04-24 17:45:51
customers\yhty-20260319\2888d46e-223c-433e-815d-99c09876ace8\logs\warning.log,customers\yhty-20260319\2888d46e-223c-433e-815d-99c09876ace8\logs,warning.log,file,2026-04-24 17:45:51
customers\yhty-20260319\31a01181-a7ff-4f55-9359-6bf517ed72b6\logs\info.log,customers\yhty-20260319\31a01181-a7ff-4f55-9359-6bf517ed72b6\logs,info.log,file,2026-04-24 17:45:52
customers\yhty-20260319\31a01181-a7ff-4f55-9359-6bf517ed72b6\logs\warning.log,customers\yhty-20260319\31a01181-a7ff-4f55-9359-6bf517ed72b6\logs,warning.log,file,2026-04-24 17:45:52
customers\yhty-20260319\a06a271a-8424-4f09-811e-b9f1076d0cef\logs\info.log,customers\yhty-20260319\a06a271a-8424-4f09-811e-b9f1076d0cef\logs,info.log,file,2026-04-24 17:45:53
customers\yhty-20260319\a06a271a-8424-4f09-811e-b9f1076d0cef\logs\warning.log,customers\yhty-20260319\a06a271a-8424-4f09-811e-b9f1076d0cef\logs,warning.log,file,2026-04-24 17:45:53
customers\yhty-20260319\ab16a9ac-21fe-4832-a443-62825f187562\logs\info.log,customers\yhty-20260319\ab16a9ac-21fe-4832-a443-62825f187562\logs,info.log,file,2026-04-24 17:45:54
customers\yhty-20260319\ab16a9ac-21fe-4832-a443-62825f187562\logs\warning.log,customers\yhty-20260319\ab16a9ac-21fe-4832-a443-62825f187562\logs,warning.log,file,2026-04-24 17:45:54
customers\yhty-20260319\0d6b6ec1-c5db-4748-97ef-e079f521c014\logs\info.log,customers\yhty-20260319\0d6b6ec1-c5db-4748-97ef-e079f521c014\logs,info.log,file,2026-04-24 17:45:54
customers\yhty-20260319\0d6b6ec1-c5db-4748-97ef-e079f521c014\logs\warning.log,customers\yhty-20260319\0d6b6ec1-c5db-4748-97ef-e079f521c014\logs,warning.log,file,2026-04-24 17:45:54
customers\yhty-20260319\e464f00d-5cad-4852-baab-3fd7fe405aab\logs\info.log,customers\yhty-20260319\e464f00d-5cad-4852-baab-3fd7fe405aab\logs,info.log,file,2026-04-24 17:45:55
customers\yhty-20260319\e464f00d-5cad-4852-baab-3fd7fe405aab\logs\warning.log,customers\yhty-20260319\e464f00d-5cad-4852-baab-3fd7fe405aab\logs,warning.log,file,2026-04-24 17:45:55
customers\yhty-20260319\bdda50c2-c38c-437b-957b-67095660909b\logs\info.log,customers\yhty-20260319\bdda50c2-c38c-437b-957b-67095660909b\logs,info.log,file,2026-04-24 17:45:56
customers\yhty-20260319\bdda50c2-c38c-437b-957b-67095660909b\logs\warning.log,customers\yhty-20260319\bdda50c2-c38c-437b-957b-67095660909b\logs,warning.log,file,2026-04-24 17:45:56
customers\yhty-20260319\eb1c1c6d-56a5-4d2a-87d5-9d00beb8e5dc\logs\info.log,customers\yhty-20260319\eb1c1c6d-56a5-4d2a-87d5-9d00beb8e5dc\logs,info.log,file,2026-04-24 17:45:56
customers\yhty-20260319\eb1c1c6d-56a5-4d2a-87d5-9d00beb8e5dc\logs\warning.log,customers\yhty-20260319\eb1c1c6d-56a5-4d2a-87d5-9d00beb8e5dc\logs,warning.log,file,2026-04-24 17:45:56
customers\yhty-20260319\ff0a5d2d-dc53-4f3e-92bb-c39f40e75df5\logs\info.log,customers\yhty-20260319\ff0a5d2d-dc53-4f3e-92bb-c39f40e75df5\logs,info.log,file,2026-04-24 17:45:57
customers\yhty-20260319\ff0a5d2d-dc53-4f3e-92bb-c39f40e75df5\logs\warning.log,customers\yhty-20260319\ff0a5d2d-dc53-4f3e-92bb-c39f40e75df5\logs,warning.log,file,2026-04-24 17:45:57
customers\yhty-20260319\6a337487-7ba7-49b8-bde9-852e9b47f135\logs\info.log,customers\yhty-20260319\6a337487-7ba7-49b8-bde9-852e9b47f135\logs,info.log,file,2026-04-24 17:45:58
customers\yhty-20260319\6a337487-7ba7-49b8-bde9-852e9b47f135\logs\warning.log,customers\yhty-20260319\6a337487-7ba7-49b8-bde9-852e9b47f135\logs,warning.log,file,2026-04-24 17:45:58
customers\yhty-20260319\993521c1-814b-4248-b31a-08cc642d6564\logs\info.log,customers\yhty-20260319\993521c1-814b-4248-b31a-08cc642d6564\logs,info.log,file,2026-04-24 17:45:59
customers\yhty-20260319\993521c1-814b-4248-b31a-08cc642d6564\logs\warning.log,customers\yhty-20260319\993521c1-814b-4248-b31a-08cc642d6564\logs,warning.log,file,2026-04-24 17:45:59
customers\yhty-20260319\dbb7c9a3-9881-422a-8226-1137d401ef6e\logs\info.log,customers\yhty-20260319\dbb7c9a3-9881-422a-8226-1137d401ef6e\logs,info.log,file,2026-04-24 17:45:59
customers\yhty-20260319\dbb7c9a3-9881-422a-8226-1137d401ef6e\logs\warning.log,customers\yhty-20260319\dbb7c9a3-9881-422a-8226-1137d401ef6e\logs,warning.log,file,2026-04-24 17:45:59
customers\yhty-20260319\ed77c0f2-5ff9-48a7-905b-1d682b298d1f\logs\info.log,customers\yhty-20260319\ed77c0f2-5ff9-48a7-905b-1d682b298d1f\logs,info.log,file,2026-04-24 17:46:00
customers\yhty-20260319\ed77c0f2-5ff9-48a7-905b-1d682b298d1f\logs\warning.log,customers\yhty-20260319\ed77c0f2-5ff9-48a7-905b-1d682b298d1f\logs,warning.log,file,2026-04-24 17:46:00
customers\yhty-20260319\2d0c5122-0c95-452e-9aec-9e9b95e0101b\logs\info.log,customers\yhty-20260319\2d0c5122-0c95-452e-9aec-9e9b95e0101b\logs,info.log,file,2026-04-24 17:46:01
customers\yhty-20260319\2d0c5122-0c95-452e-9aec-9e9b95e0101b\logs\warning.log,customers\yhty-20260319\2d0c5122-0c95-452e-9aec-9e9b95e0101b\logs,warning.log,file,2026-04-24 17:46:01
customers\yhty-20260319\4c58f158-5e8c-40a1-acba-0bd9f6decb61\logs\info.log,customers\yhty-20260319\4c58f158-5e8c-40a1-acba-0bd9f6decb61\logs,info.log,file,2026-04-24 17:46:02
customers\yhty-20260319\4c58f158-5e8c-40a1-acba-0bd9f6decb61\logs\warning.log,customers\yhty-20260319\4c58f158-5e8c-40a1-acba-0bd9f6decb61\logs,warning.log,file,2026-04-24 17:46:02
customers\yhty-20260319\57fc2fa6-f2a7-48a3-ba6a-dc07d375f969\logs\info.log,customers\yhty-20260319\57fc2fa6-f2a7-48a3-ba6a-dc07d375f969\logs,info.log,file,2026-04-24 17:46:03
customers\yhty-20260319\57fc2fa6-f2a7-48a3-ba6a-dc07d375f969\logs\warning.log,customers\yhty-20260319\57fc2fa6-f2a7-48a3-ba6a-dc07d375f969\logs,warning.log,file,2026-04-24 17:46:03
customers\yhty-20260319\fa660994-b293-4470-9e66-68b817961cbc\logs\info.log,customers\yhty-20260319\fa660994-b293-4470-9e66-68b817961cbc\logs,info.log,file,2026-04-24 17:46:04
customers\yhty-20260319\fa660994-b293-4470-9e66-68b817961cbc\logs\warning.log,customers\yhty-20260319\fa660994-b293-4470-9e66-68b817961cbc\logs,warning.log,file,2026-04-24 17:46:04
customers\yhty-20260319\a3b41ae2-facb-4fae-8f14-34dd7b34374c\logs\info.log,customers\yhty-20260319\a3b41ae2-facb-4fae-8f14-34dd7b34374c\logs,info.log,file,2026-04-24 17:46:04
customers\yhty-20260319\a3b41ae2-facb-4fae-8f14-34dd7b34374c\logs\warning.log,customers\yhty-20260319\a3b41ae2-facb-4fae-8f14-34dd7b34374c\logs,warning.log,file,2026-04-24 17:46:04
customers\yhty-20260319\0cb638de-2b6f-4e74-a60b-b1f9c6722606\logs\info.log,customers\yhty-20260319\0cb638de-2b6f-4e74-a60b-b1f9c6722606\logs,info.log,file,2026-04-24 17:46:05
customers\yhty-20260319\0cb638de-2b6f-4e74-a60b-b1f9c6722606\logs\warning.log,customers\yhty-20260319\0cb638de-2b6f-4e74-a60b-b1f9c6722606\logs,warning.log,file,2026-04-24 17:46:05
customers\yhty-20260319\72556145-5915-4a16-8906-770b829562cc\logs\info.log,customers\yhty-20260319\72556145-5915-4a16-8906-770b829562cc\logs,info.log,file,2026-04-24 17:46:06
customers\yhty-20260319\72556145-5915-4a16-8906-770b829562cc\logs\warning.log,customers\yhty-20260319\72556145-5915-4a16-8906-770b829562cc\logs,warning.log,file,2026-04-24 17:46:06
customers\yhty-20260319\1275920e-44dd-4519-837e-e87c55df0199\logs\info.log,customers\yhty-20260319\1275920e-44dd-4519-837e-e87c55df0199\logs,info.log,file,2026-04-24 17:46:06
customers\yhty-20260319\1275920e-44dd-4519-837e-e87c55df0199\logs\warning.log,customers\yhty-20260319\1275920e-44dd-4519-837e-e87c55df0199\logs,warning.log,file,2026-04-24 17:46:06
customers\yhty-20260319\108e86cd-2764-4746-9b8f-d7d415e38091\logs\info.log,customers\yhty-20260319\108e86cd-2764-4746-9b8f-d7d415e38091\logs,info.log,file,2026-04-24 17:46:07
customers\yhty-20260319\108e86cd-2764-4746-9b8f-d7d415e38091\logs\warning.log,customers\yhty-20260319\108e86cd-2764-4746-9b8f-d7d415e38091\logs,warning.log,file,2026-04-24 17:46:07
customers\yhty-20260319\ae17c26a-326d-443b-b3ab-cff6065c7828\logs\info.log,customers\yhty-20260319\ae17c26a-326d-443b-b3ab-cff6065c7828\logs,info.log,file,2026-04-24 17:46:08
customers\yhty-20260319\ae17c26a-326d-443b-b3ab-cff6065c7828\logs\warning.log,customers\yhty-20260319\ae17c26a-326d-443b-b3ab-cff6065c7828\logs,warning.log,file,2026-04-24 17:46:08
customers\yhty-20260319\6f3e134a-6b62-4207-80c5-fc511fee9006\logs\info.log,customers\yhty-20260319\6f3e134a-6b62-4207-80c5-fc511fee9006\logs,info.log,file,2026-04-24 17:46:08
customers\yhty-20260319\6f3e134a-6b62-4207-80c5-fc511fee9006\logs\warning.log,customers\yhty-20260319\6f3e134a-6b62-4207-80c5-fc511fee9006\logs,warning.log,file,2026-04-24 17:46:08
customers\yhty-20260319\65e2e512-a086-4c88-bf82-b94c4c3efa1f\logs\info.log,customers\yhty-20260319\65e2e512-a086-4c88-bf82-b94c4c3efa1f\logs,info.log,file,2026-04-24 17:46:09
customers\yhty-20260319\65e2e512-a086-4c88-bf82-b94c4c3efa1f\logs\warning.log,customers\yhty-20260319\65e2e512-a086-4c88-bf82-b94c4c3efa1f\logs,warning.log,file,2026-04-24 17:46:09
customers\yhty-20260319\23f6bc14-cede-4d80-96ac-733680184648\logs\info.log,customers\yhty-20260319\23f6bc14-cede-4d80-96ac-733680184648\logs,info.log,file,2026-04-24 17:46:10
customers\yhty-20260319\23f6bc14-cede-4d80-96ac-733680184648\logs\warning.log,customers\yhty-20260319\23f6bc14-cede-4d80-96ac-733680184648\logs,warning.log,file,2026-04-24 17:46:10
customers\yhty-20260319\50f7a6a5-a410-49a5-8739-b0a9f701f3a1\logs\info.log,customers\yhty-20260319\50f7a6a5-a410-49a5-8739-b0a9f701f3a1\logs,info.log,file,2026-04-24 17:46:10
customers\yhty-20260319\50f7a6a5-a410-49a5-8739-b0a9f701f3a1\logs\warning.log,customers\yhty-20260319\50f7a6a5-a410-49a5-8739-b0a9f701f3a1\logs,warning.log,file,2026-04-24 17:46:10
customers\yhty-20260319\f73a37bd-42ec-44dd-9566-95c8fa3a4143\logs\info.log,customers\yhty-20260319\f73a37bd-42ec-44dd-9566-95c8fa3a4143\logs,info.log,file,2026-04-24 17:46:11
customers\yhty-20260319\f73a37bd-42ec-44dd-9566-95c8fa3a4143\logs\warning.log,customers\yhty-20260319\f73a37bd-42ec-44dd-9566-95c8fa3a4143\logs,warning.log,file,2026-04-24 17:46:11
customers\yhty-20260319\131ff6f8-50b2-4235-8f6d-71c5063f4b5d\logs\info.log,customers\yhty-20260319\131ff6f8-50b2-4235-8f6d-71c5063f4b5d\logs,info.log,file,2026-04-24 17:46:12
customers\yhty-20260319\131ff6f8-50b2-4235-8f6d-71c5063f4b5d\logs\warning.log,customers\yhty-20260319\131ff6f8-50b2-4235-8f6d-71c5063f4b5d\logs,warning.log,file,2026-04-24 17:46:12
customers\yhty-20260319\eb1f387a-9b16-4e8e-af6a-b3fb3eaee170\logs\info.log,customers\yhty-20260319\eb1f387a-9b16-4e8e-af6a-b3fb3eaee170\logs,info.log,file,2026-04-24 17:46:13
customers\yhty-20260319\eb1f387a-9b16-4e8e-af6a-b3fb3eaee170\logs\warning.log,customers\yhty-20260319\eb1f387a-9b16-4e8e-af6a-b3fb3eaee170\logs,warning.log,file,2026-04-24 17:46:13
customers\yhty-20260319\49b3d076-acce-4b40-9db0-c1fc62b0d93e\logs\info.log,customers\yhty-20260319\49b3d076-acce-4b40-9db0-c1fc62b0d93e\logs,info.log,file,2026-04-24 17:46:13
customers\yhty-20260319\49b3d076-acce-4b40-9db0-c1fc62b0d93e\logs\warning.log,customers\yhty-20260319\49b3d076-acce-4b40-9db0-c1fc62b0d93e\logs,warning.log,file,2026-04-24 17:46:13
customers\yhty-20260319\13baa619-6ad6-45bd-ba6e-f43fb62594f0\logs\info.log,customers\yhty-20260319\13baa619-6ad6-45bd-ba6e-f43fb62594f0\logs,info.log,file,2026-04-24 17:46:14
customers\yhty-20260319\13baa619-6ad6-45bd-ba6e-f43fb62594f0\logs\warning.log,customers\yhty-20260319\13baa619-6ad6-45bd-ba6e-f43fb62594f0\logs,warning.log,file,2026-04-24 17:46:14
customers\yhty-20260319\06ad9daa-2a7b-4a74-89bf-5ab87f2ece66\logs\info.log,customers\yhty-20260319\06ad9daa-2a7b-4a74-89bf-5ab87f2ece66\logs,info.log,file,2026-04-24 17:46:15
customers\yhty-20260319\06ad9daa-2a7b-4a74-89bf-5ab87f2ece66\logs\warning.log,customers\yhty-20260319\06ad9daa-2a7b-4a74-89bf-5ab87f2ece66\logs,warning.log,file,2026-04-24 17:46:15
customers\yhty-20260319\3c20c7bf-805e-4927-bbba-ae498eb42d50\logs\info.log,customers\yhty-20260319\3c20c7bf-805e-4927-bbba-ae498eb42d50\logs,info.log,file,2026-04-24 17:46:16
customers\yhty-20260319\3c20c7bf-805e-4927-bbba-ae498eb42d50\logs\warning.log,customers\yhty-20260319\3c20c7bf-805e-4927-bbba-ae498eb42d50\logs,warning.log,file,2026-04-24 17:46:16
customers\yhty-20260319\dc40ded1-639c-4621-903f-113f63b172b7\logs\info.log,customers\yhty-20260319\dc40ded1-639c-4621-903f-113f63b172b7\logs,info.log,file,2026-04-24 17:46:17
customers\yhty-20260319\dc40ded1-639c-4621-903f-113f63b172b7\logs\warning.log,customers\yhty-20260319\dc40ded1-639c-4621-903f-113f63b172b7\logs,warning.log,file,2026-04-24 17:46:17
customers\yhty-20260319\a49800e9-87c8-4606-852f-a1f374ddbe01\logs\info.log,customers\yhty-20260319\a49800e9-87c8-4606-852f-a1f374ddbe01\logs,info.log,file,2026-04-24 17:46:17
customers\yhty-20260319\a49800e9-87c8-4606-852f-a1f374ddbe01\logs\warning.log,customers\yhty-20260319\a49800e9-87c8-4606-852f-a1f374ddbe01\logs,warning.log,file,2026-04-24 17:46:17
customers\yhty-20260319\0596efb2-51c5-4e26-81d4-eae84bea9fcf\logs\info.log,customers\yhty-20260319\0596efb2-51c5-4e26-81d4-eae84bea9fcf\logs,info.log,file,2026-04-24 17:46:18
customers\yhty-20260319\0596efb2-51c5-4e26-81d4-eae84bea9fcf\logs\warning.log,customers\yhty-20260319\0596efb2-51c5-4e26-81d4-eae84bea9fcf\logs,warning.log,file,2026-04-24 17:46:18
customers\yhty-20260319\1424921f-d6a3-449d-bb5e-e3273937cd67\logs\info.log,customers\yhty-20260319\1424921f-d6a3-449d-bb5e-e3273937cd67\logs,info.log,file,2026-04-24 17:46:19
customers\yhty-20260319\1424921f-d6a3-449d-bb5e-e3273937cd67\logs\error.log,customers\yhty-20260319\1424921f-d6a3-449d-bb5e-e3273937cd67\logs,error.log,file,2026-04-24 17:46:19
customers\yhty-20260319\1424921f-d6a3-449d-bb5e-e3273937cd67\logs\warning.log,customers\yhty-20260319\1424921f-d6a3-449d-bb5e-e3273937cd67\logs,warning.log,file,2026-04-24 17:46:19
customers\yhty-20260319\36d05b39-34bf-41a3-ac72-6d9e57e3ad51\logs\info.log,customers\yhty-20260319\36d05b39-34bf-41a3-ac72-6d9e57e3ad51\logs,info.log,file,2026-04-24 17:46:19
customers\yhty-20260319\36d05b39-34bf-41a3-ac72-6d9e57e3ad51\logs\error.log,customers\yhty-20260319\36d05b39-34bf-41a3-ac72-6d9e57e3ad51\logs,error.log,file,2026-04-24 17:46:19
customers\yhty-20260319\36d05b39-34bf-41a3-ac72-6d9e57e3ad51\logs\warning.log,customers\yhty-20260319\36d05b39-34bf-41a3-ac72-6d9e57e3ad51\logs,warning.log,file,2026-04-24 17:46:19
customers\yhty-20260319\f5e0f842-9b07-481c-8ccc-989081131ca0\logs\info.log,customers\yhty-20260319\f5e0f842-9b07-481c-8ccc-989081131ca0\logs,info.log,file,2026-04-24 17:46:20
customers\yhty-20260319\f5e0f842-9b07-481c-8ccc-989081131ca0\logs\error.log,customers\yhty-20260319\f5e0f842-9b07-481c-8ccc-989081131ca0\logs,error.log,file,2026-04-24 17:46:20
customers\yhty-20260319\f5e0f842-9b07-481c-8ccc-989081131ca0\logs\warning.log,customers\yhty-20260319\f5e0f842-9b07-481c-8ccc-989081131ca0\logs,warning.log,file,2026-04-24 17:46:20
customers\yhty-20260319\c7fca3f6-26b2-4f22-9992-69ffcfa38dcf\logs\info.log,customers\yhty-20260319\c7fca3f6-26b2-4f22-9992-69ffcfa38dcf\logs,info.log,file,2026-04-24 17:46:21
customers\yhty-20260319\c7fca3f6-26b2-4f22-9992-69ffcfa38dcf\logs\error.log,customers\yhty-20260319\c7fca3f6-26b2-4f22-9992-69ffcfa38dcf\logs,error.log,file,2026-04-24 17:46:21
customers\yhty-20260319\c7fca3f6-26b2-4f22-9992-69ffcfa38dcf\logs\warning.log,customers\yhty-20260319\c7fca3f6-26b2-4f22-9992-69ffcfa38dcf\logs,warning.log,file,2026-04-24 17:46:21
customers\yhty-20260319\b9eb6b4f-aff6-4bdd-8eed-102efc979b9e\logs\info.log,customers\yhty-20260319\b9eb6b4f-aff6-4bdd-8eed-102efc979b9e\logs,info.log,file,2026-04-24 17:46:21
customers\yhty-20260319\b9eb6b4f-aff6-4bdd-8eed-102efc979b9e\logs\error.log,customers\yhty-20260319\b9eb6b4f-aff6-4bdd-8eed-102efc979b9e\logs,error.log,file,2026-04-24 17:46:21
customers\yhty-20260319\b9eb6b4f-aff6-4bdd-8eed-102efc979b9e\logs\warning.log,customers\yhty-20260319\b9eb6b4f-aff6-4bdd-8eed-102efc979b9e\logs,warning.log,file,2026-04-24 17:46:21
customers\yhty-20260319\5b1fca88-0625-43a4-880a-a1dc6333ac77\logs\info.log,customers\yhty-20260319\5b1fca88-0625-43a4-880a-a1dc6333ac77\logs,info.log,file,2026-04-24 17:46:22
customers\yhty-20260319\5b1fca88-0625-43a4-880a-a1dc6333ac77\logs\error.log,customers\yhty-20260319\5b1fca88-0625-43a4-880a-a1dc6333ac77\logs,error.log,file,2026-04-24 17:46:22
customers\yhty-20260319\5b1fca88-0625-43a4-880a-a1dc6333ac77\logs\warning.log,customers\yhty-20260319\5b1fca88-0625-43a4-880a-a1dc6333ac77\logs,warning.log,file,2026-04-24 17:46:22
customers\yhty-20260319\3a9f5b24-6cc8-4cff-b0c2-9662bd02c586\logs\info.log,customers\yhty-20260319\3a9f5b24-6cc8-4cff-b0c2-9662bd02c586\logs,info.log,file,2026-04-24 17:46:23
customers\yhty-20260319\3a9f5b24-6cc8-4cff-b0c2-9662bd02c586\logs\error.log,customers\yhty-20260319\3a9f5b24-6cc8-4cff-b0c2-9662bd02c586\logs,error.log,file,2026-04-24 17:46:23
customers\yhty-20260319\3a9f5b24-6cc8-4cff-b0c2-9662bd02c586\logs\warning.log,customers\yhty-20260319\3a9f5b24-6cc8-4cff-b0c2-9662bd02c586\logs,warning.log,file,2026-04-24 17:46:23
customers\yhty-20260319\f91a7b88-541b-4e11-8a20-b5aa1f610b6b\logs\info.log,customers\yhty-20260319\f91a7b88-541b-4e11-8a20-b5aa1f610b6b\logs,info.log,file,2026-04-24 17:46:24
customers\yhty-20260319\f91a7b88-541b-4e11-8a20-b5aa1f610b6b\logs\error.log,customers\yhty-20260319\f91a7b88-541b-4e11-8a20-b5aa1f610b6b\logs,error.log,file,2026-04-24 17:46:24
customers\yhty-20260319\f91a7b88-541b-4e11-8a20-b5aa1f610b6b\logs\warning.log,customers\yhty-20260319\f91a7b88-541b-4e11-8a20-b5aa1f610b6b\logs,warning.log,file,2026-04-24 17:46:24
customers\yhty-20260319\71bb635d-e233-40ec-80de-d07b6c035d4e\logs\info.log,customers\yhty-20260319\71bb635d-e233-40ec-80de-d07b6c035d4e\logs,info.log,file,2026-04-24 17:46:24
customers\yhty-20260319\71bb635d-e233-40ec-80de-d07b6c035d4e\logs\error.log,customers\yhty-20260319\71bb635d-e233-40ec-80de-d07b6c035d4e\logs,error.log,file,2026-04-24 17:46:24
customers\yhty-20260319\71bb635d-e233-40ec-80de-d07b6c035d4e\logs\warning.log,customers\yhty-20260319\71bb635d-e233-40ec-80de-d07b6c035d4e\logs,warning.log,file,2026-04-24 17:46:24
customers\yhty-20260319\8efe9dfa-1c44-412e-b865-15af34e88901\logs\info.log,customers\yhty-20260319\8efe9dfa-1c44-412e-b865-15af34e88901\logs,info.log,file,2026-04-24 17:46:25
customers\yhty-20260319\8efe9dfa-1c44-412e-b865-15af34e88901\logs\error.log,customers\yhty-20260319\8efe9dfa-1c44-412e-b865-15af34e88901\logs,error.log,file,2026-04-24 17:46:25
customers\yhty-20260319\8efe9dfa-1c44-412e-b865-15af34e88901\logs\warning.log,customers\yhty-20260319\8efe9dfa-1c44-412e-b865-15af34e88901\logs,warning.log,file,2026-04-24 17:46:25
customers\yhty-20260319\dd69dbfe-22fc-41f2-bbc2-652142e49402\logs\info.log,customers\yhty-20260319\dd69dbfe-22fc-41f2-bbc2-652142e49402\logs,info.log,file,2026-04-24 17:46:26
customers\yhty-20260319\dd69dbfe-22fc-41f2-bbc2-652142e49402\logs\error.log,customers\yhty-20260319\dd69dbfe-22fc-41f2-bbc2-652142e49402\logs,error.log,file,2026-04-24 17:46:26
customers\yhty-20260319\dd69dbfe-22fc-41f2-bbc2-652142e49402\logs\warning.log,customers\yhty-20260319\dd69dbfe-22fc-41f2-bbc2-652142e49402\logs,warning.log,file,2026-04-24 17:46:26
customers\yhty-20260319\fab6250e-8544-4c7d-ae61-9999b9621ec7\logs\info.log,customers\yhty-20260319\fab6250e-8544-4c7d-ae61-9999b9621ec7\logs,info.log,file,2026-04-24 17:46:26
customers\yhty-20260319\fab6250e-8544-4c7d-ae61-9999b9621ec7\logs\error.log,customers\yhty-20260319\fab6250e-8544-4c7d-ae61-9999b9621ec7\logs,error.log,file,2026-04-24 17:46:26
customers\yhty-20260319\fab6250e-8544-4c7d-ae61-9999b9621ec7\logs\warning.log,customers\yhty-20260319\fab6250e-8544-4c7d-ae61-9999b9621ec7\logs,warning.log,file,2026-04-24 17:46:26
customers\yhty-20260319\46950bb1-40eb-4716-8375-94c1a8ff5f9a\logs\info.log,customers\yhty-20260319\46950bb1-40eb-4716-8375-94c1a8ff5f9a\logs,info.log,file,2026-04-24 17:46:27
customers\yhty-20260319\46950bb1-40eb-4716-8375-94c1a8ff5f9a\logs\error.log,customers\yhty-20260319\46950bb1-40eb-4716-8375-94c1a8ff5f9a\logs,error.log,file,2026-04-24 17:46:27
customers\yhty-20260319\46950bb1-40eb-4716-8375-94c1a8ff5f9a\logs\warning.log,customers\yhty-20260319\46950bb1-40eb-4716-8375-94c1a8ff5f9a\logs,warning.log,file,2026-04-24 17:46:27
customers\yhty-20260319\2ecb2dae-3358-47a1-aba7-fc80996dc8aa\logs\info.log,customers\yhty-20260319\2ecb2dae-3358-47a1-aba7-fc80996dc8aa\logs,info.log,file,2026-04-24 17:46:28
customers\yhty-20260319\2ecb2dae-3358-47a1-aba7-fc80996dc8aa\logs\error.log,customers\yhty-20260319\2ecb2dae-3358-47a1-aba7-fc80996dc8aa\logs,error.log,file,2026-04-24 17:46:28
customers\yhty-20260319\2ecb2dae-3358-47a1-aba7-fc80996dc8aa\logs\warning.log,customers\yhty-20260319\2ecb2dae-3358-47a1-aba7-fc80996dc8aa\logs,warning.log,file,2026-04-24 17:46:28
customers\yhty-20260319\aae33620-7b46-43b3-8fee-1b2054841c7d\logs\info.log,customers\yhty-20260319\aae33620-7b46-43b3-8fee-1b2054841c7d\logs,info.log,file,2026-04-24 17:46:29
customers\yhty-20260319\aae33620-7b46-43b3-8fee-1b2054841c7d\logs\error.log,customers\yhty-20260319\aae33620-7b46-43b3-8fee-1b2054841c7d\logs,error.log,file,2026-04-24 17:46:29
customers\yhty-20260319\aae33620-7b46-43b3-8fee-1b2054841c7d\logs\warning.log,customers\yhty-20260319\aae33620-7b46-43b3-8fee-1b2054841c7d\logs,warning.log,file,2026-04-24 17:46:29
customers\yhty-20260319\2f837c2c-82e4-47a6-950e-c50cbdb3b181\logs\info.log,customers\yhty-20260319\2f837c2c-82e4-47a6-950e-c50cbdb3b181\logs,info.log,file,2026-04-24 17:46:29
customers\yhty-20260319\2f837c2c-82e4-47a6-950e-c50cbdb3b181\logs\error.log,customers\yhty-20260319\2f837c2c-82e4-47a6-950e-c50cbdb3b181\logs,error.log,file,2026-04-24 17:46:29
customers\yhty-20260319\2f837c2c-82e4-47a6-950e-c50cbdb3b181\logs\warning.log,customers\yhty-20260319\2f837c2c-82e4-47a6-950e-c50cbdb3b181\logs,warning.log,file,2026-04-24 17:46:29
customers\yhty-20260319\3dddf9ef-527a-4cdb-ba56-69b79806617e\logs\info.log,customers\yhty-20260319\3dddf9ef-527a-4cdb-ba56-69b79806617e\logs,info.log,file,2026-04-24 17:46:30
customers\yhty-20260319\3dddf9ef-527a-4cdb-ba56-69b79806617e\logs\error.log,customers\yhty-20260319\3dddf9ef-527a-4cdb-ba56-69b79806617e\logs,error.log,file,2026-04-24 17:46:30
customers\yhty-20260319\3dddf9ef-527a-4cdb-ba56-69b79806617e\logs\warning.log,customers\yhty-20260319\3dddf9ef-527a-4cdb-ba56-69b79806617e\logs,warning.log,file,2026-04-24 17:46:30
customers\yhty-20260319\e6b7e8fd-9d3a-4631-b2d4-97e39970e293\logs\info.log,customers\yhty-20260319\e6b7e8fd-9d3a-4631-b2d4-97e39970e293\logs,info.log,file,2026-04-24 17:46:30
customers\yhty-20260319\e6b7e8fd-9d3a-4631-b2d4-97e39970e293\logs\error.log,customers\yhty-20260319\e6b7e8fd-9d3a-4631-b2d4-97e39970e293\logs,error.log,file,2026-04-24 17:46:31
customers\yhty-20260319\e6b7e8fd-9d3a-4631-b2d4-97e39970e293\logs\warning.log,customers\yhty-20260319\e6b7e8fd-9d3a-4631-b2d4-97e39970e293\logs,warning.log,file,2026-04-24 17:46:31
customers\yhty-20260319\f86fdbfe-a59c-4365-938b-8afaefde7368\logs\info.log,customers\yhty-20260319\f86fdbfe-a59c-4365-938b-8afaefde7368\logs,info.log,file,2026-04-24 17:46:31
customers\yhty-20260319\f86fdbfe-a59c-4365-938b-8afaefde7368\logs\error.log,customers\yhty-20260319\f86fdbfe-a59c-4365-938b-8afaefde7368\logs,error.log,file,2026-04-24 17:46:31
customers\yhty-20260319\f86fdbfe-a59c-4365-938b-8afaefde7368\logs\warning.log,customers\yhty-20260319\f86fdbfe-a59c-4365-938b-8afaefde7368\logs,warning.log,file,2026-04-24 17:46:31
customers\yhty-20260319\1b2bcffc-e8df-4605-a27c-f9848803e99b\logs\info.log,customers\yhty-20260319\1b2bcffc-e8df-4605-a27c-f9848803e99b\logs,info.log,file,2026-04-24 17:46:32
customers\yhty-20260319\1b2bcffc-e8df-4605-a27c-f9848803e99b\logs\error.log,customers\yhty-20260319\1b2bcffc-e8df-4605-a27c-f9848803e99b\logs,error.log,file,2026-04-24 17:46:32
customers\yhty-20260319\1b2bcffc-e8df-4605-a27c-f9848803e99b\logs\warning.log,customers\yhty-20260319\1b2bcffc-e8df-4605-a27c-f9848803e99b\logs,warning.log,file,2026-04-24 17:46:32
customers\yhty-20260319\e021d3d2-c126-490d-8aac-f5f503776187\logs\info.log,customers\yhty-20260319\e021d3d2-c126-490d-8aac-f5f503776187\logs,info.log,file,2026-04-24 17:46:33
customers\yhty-20260319\e021d3d2-c126-490d-8aac-f5f503776187\logs\warning.log,customers\yhty-20260319\e021d3d2-c126-490d-8aac-f5f503776187\logs,warning.log,file,2026-04-24 17:46:33
customers\yhty-20260319\af8bf08d-fc3b-4a7f-b197-52014a995673\logs\info.log,customers\yhty-20260319\af8bf08d-fc3b-4a7f-b197-52014a995673\logs,info.log,file,2026-04-24 17:46:33
customers\yhty-20260319\af8bf08d-fc3b-4a7f-b197-52014a995673\logs\warning.log,customers\yhty-20260319\af8bf08d-fc3b-4a7f-b197-52014a995673\logs,warning.log,file,2026-04-24 17:46:33
customers\yhty-20260319\aeba1669-4ff6-467e-b82e-5de4e6bee563\logs\info.log,customers\yhty-20260319\aeba1669-4ff6-467e-b82e-5de4e6bee563\logs,info.log,file,2026-04-24 17:46:34
customers\yhty-20260319\aeba1669-4ff6-467e-b82e-5de4e6bee563\logs\warning.log,customers\yhty-20260319\aeba1669-4ff6-467e-b82e-5de4e6bee563\logs,warning.log,file,2026-04-24 17:46:34
customers\yhty-20260319\0fe97983-3bf0-4c5e-9959-9560e6eab25c\logs\info.log,customers\yhty-20260319\0fe97983-3bf0-4c5e-9959-9560e6eab25c\logs,info.log,file,2026-04-24 17:46:35
customers\yhty-20260319\0fe97983-3bf0-4c5e-9959-9560e6eab25c\logs\warning.log,customers\yhty-20260319\0fe97983-3bf0-4c5e-9959-9560e6eab25c\logs,warning.log,file,2026-04-24 17:46:35
customers\yhty-20260319\fc6e4611-0920-4c42-9252-b1f65c430e6f\logs\info.log,customers\yhty-20260319\fc6e4611-0920-4c42-9252-b1f65c430e6f\logs,info.log,file,2026-04-24 17:46:36
customers\yhty-20260319\fc6e4611-0920-4c42-9252-b1f65c430e6f\logs\warning.log,customers\yhty-20260319\fc6e4611-0920-4c42-9252-b1f65c430e6f\logs,warning.log,file,2026-04-24 17:46:36
customers\yhty-20260319\57897466-765c-46b3-9a78-117479ee15e0\logs\info.log,customers\yhty-20260319\57897466-765c-46b3-9a78-117479ee15e0\logs,info.log,file,2026-04-24 17:46:36
customers\yhty-20260319\57897466-765c-46b3-9a78-117479ee15e0\logs\warning.log,customers\yhty-20260319\57897466-765c-46b3-9a78-117479ee15e0\logs,warning.log,file,2026-04-24 17:46:36
customers\yhty-20260319\71e4b90d-564d-47a0-a5e4-b7a8f3f83cca\logs\info.log,customers\yhty-20260319\71e4b90d-564d-47a0-a5e4-b7a8f3f83cca\logs,info.log,file,2026-04-24 17:46:37
customers\yhty-20260319\71e4b90d-564d-47a0-a5e4-b7a8f3f83cca\logs\warning.log,customers\yhty-20260319\71e4b90d-564d-47a0-a5e4-b7a8f3f83cca\logs,warning.log,file,2026-04-24 17:46:37
customers\yhty-20260319\69d06e44-624b-41f6-99d5-99e555d8a60f\logs\info.log,customers\yhty-20260319\69d06e44-624b-41f6-99d5-99e555d8a60f\logs,info.log,file,2026-04-24 17:46:38
customers\yhty-20260319\69d06e44-624b-41f6-99d5-99e555d8a60f\logs\warning.log,customers\yhty-20260319\69d06e44-624b-41f6-99d5-99e555d8a60f\logs,warning.log,file,2026-04-24 17:46:38
customers\yhty-20260319\757546f3-8dcf-4111-8ba6-831291076ccf\logs\info.log,customers\yhty-20260319\757546f3-8dcf-4111-8ba6-831291076ccf\logs,info.log,file,2026-04-24 17:46:39
customers\yhty-20260319\757546f3-8dcf-4111-8ba6-831291076ccf\logs\warning.log,customers\yhty-20260319\757546f3-8dcf-4111-8ba6-831291076ccf\logs,warning.log,file,2026-04-24 17:46:39
customers\yhty-20260319\61bdd213-d29b-4dad-b7b0-b7c5c0106434\logs\info.log,customers\yhty-20260319\61bdd213-d29b-4dad-b7b0-b7c5c0106434\logs,info.log,file,2026-04-24 17:46:40
customers\yhty-20260319\61bdd213-d29b-4dad-b7b0-b7c5c0106434\logs\warning.log,customers\yhty-20260319\61bdd213-d29b-4dad-b7b0-b7c5c0106434\logs,warning.log,file,2026-04-24 17:46:40
customers\yhty-20260319\569a1874-2caa-4741-b525-434d002407d8\logs\info.log,customers\yhty-20260319\569a1874-2caa-4741-b525-434d002407d8\logs,info.log,file,2026-04-24 17:46:41
customers\yhty-20260319\569a1874-2caa-4741-b525-434d002407d8\logs\warning.log,customers\yhty-20260319\569a1874-2caa-4741-b525-434d002407d8\logs,warning.log,file,2026-04-24 17:46:41
customers\yhty-20260319\54f25ba9-bf20-42f5-92af-fdee376d3c40\logs\info.log,customers\yhty-20260319\54f25ba9-bf20-42f5-92af-fdee376d3c40\logs,info.log,file,2026-04-24 17:46:41
customers\yhty-20260319\54f25ba9-bf20-42f5-92af-fdee376d3c40\logs\warning.log,customers\yhty-20260319\54f25ba9-bf20-42f5-92af-fdee376d3c40\logs,warning.log,file,2026-04-24 17:46:41
customers\yhty-20260319\e90ba397-1f71-4828-915a-2dc4b393b0e7\logs\info.log,customers\yhty-20260319\e90ba397-1f71-4828-915a-2dc4b393b0e7\logs,info.log,file,2026-04-24 17:46:42
customers\yhty-20260319\e90ba397-1f71-4828-915a-2dc4b393b0e7\logs\warning.log,customers\yhty-20260319\e90ba397-1f71-4828-915a-2dc4b393b0e7\logs,warning.log,file,2026-04-24 17:46:42
customers\yhty-20260319\839efa2f-9b67-474b-844b-fd9db6a6e12a\logs\info.log,customers\yhty-20260319\839efa2f-9b67-474b-844b-fd9db6a6e12a\logs,info.log,file,2026-04-24 17:46:43
customers\yhty-20260319\839efa2f-9b67-474b-844b-fd9db6a6e12a\logs\warning.log,customers\yhty-20260319\839efa2f-9b67-474b-844b-fd9db6a6e12a\logs,warning.log,file,2026-04-24 17:46:43
customers\yhty-20260319\35be9d4b-190b-49df-8cbd-9df8b610738b\logs\info.log,customers\yhty-20260319\35be9d4b-190b-49df-8cbd-9df8b610738b\logs,info.log,file,2026-04-24 17:46:43
customers\yhty-20260319\35be9d4b-190b-49df-8cbd-9df8b610738b\logs\warning.log,customers\yhty-20260319\35be9d4b-190b-49df-8cbd-9df8b610738b\logs,warning.log,file,2026-04-24 17:46:43
customers\yhty-20260319\0c2bbb49-3ed6-4a9a-8edd-c4250c5fc6fa\logs\info.log,customers\yhty-20260319\0c2bbb49-3ed6-4a9a-8edd-c4250c5fc6fa\logs,info.log,file,2026-04-24 17:46:44
customers\yhty-20260319\0c2bbb49-3ed6-4a9a-8edd-c4250c5fc6fa\logs\warning.log,customers\yhty-20260319\0c2bbb49-3ed6-4a9a-8edd-c4250c5fc6fa\logs,warning.log,file,2026-04-24 17:46:44
customers\yhty-20260319\912ba345-e406-4d69-ae5c-cd4ebde1c761\logs\info.log,customers\yhty-20260319\912ba345-e406-4d69-ae5c-cd4ebde1c761\logs,info.log,file,2026-04-24 17:46:46
customers\yhty-20260319\912ba345-e406-4d69-ae5c-cd4ebde1c761\logs\warning.log,customers\yhty-20260319\912ba345-e406-4d69-ae5c-cd4ebde1c761\logs,warning.log,file,2026-04-24 17:46:46
customers\yhty-20260319\14560f7e-6014-48c6-9209-acf7d088c315\logs\info.log,customers\yhty-20260319\14560f7e-6014-48c6-9209-acf7d088c315\logs,info.log,file,2026-04-24 17:46:47
customers\yhty-20260319\14560f7e-6014-48c6-9209-acf7d088c315\logs\warning.log,customers\yhty-20260319\14560f7e-6014-48c6-9209-acf7d088c315\logs,warning.log,file,2026-04-24 17:46:47
customers\yhty-20260319\c6115407-6e66-4620-ba0a-5d585b0f7347\logs\info.log,customers\yhty-20260319\c6115407-6e66-4620-ba0a-5d585b0f7347\logs,info.log,file,2026-04-24 17:46:48
customers\yhty-20260319\c6115407-6e66-4620-ba0a-5d585b0f7347\logs\warning.log,customers\yhty-20260319\c6115407-6e66-4620-ba0a-5d585b0f7347\logs,warning.log,file,2026-04-24 17:46:48
customers\yhty-20260319\5e4d4211-a0e9-4eb0-8f46-4ec5ae3d5f65\logs\info.log,customers\yhty-20260319\5e4d4211-a0e9-4eb0-8f46-4ec5ae3d5f65\logs,info.log,file,2026-04-24 17:46:49
customers\yhty-20260319\5e4d4211-a0e9-4eb0-8f46-4ec5ae3d5f65\logs\warning.log,customers\yhty-20260319\5e4d4211-a0e9-4eb0-8f46-4ec5ae3d5f65\logs,warning.log,file,2026-04-24 17:46:49
customers\yhty-20260319\31f508ad-238f-4e56-8de3-df2f8dee6de7\logs\info.log,customers\yhty-20260319\31f508ad-238f-4e56-8de3-df2f8dee6de7\logs,info.log,file,2026-04-24 17:46:50
customers\yhty-20260319\31f508ad-238f-4e56-8de3-df2f8dee6de7\logs\warning.log,customers\yhty-20260319\31f508ad-238f-4e56-8de3-df2f8dee6de7\logs,warning.log,file,2026-04-24 17:46:50
customers\yhty-20260319\4601c3a4-54c2-48da-aff8-dd560fccb592\logs\info.log,customers\yhty-20260319\4601c3a4-54c2-48da-aff8-dd560fccb592\logs,info.log,file,2026-04-24 17:46:50
customers\yhty-20260319\4601c3a4-54c2-48da-aff8-dd560fccb592\logs\warning.log,customers\yhty-20260319\4601c3a4-54c2-48da-aff8-dd560fccb592\logs,warning.log,file,2026-04-24 17:46:51
customers\yhty-20260319\c0039869-5bf6-4431-9402-4c7ef1d057b9\logs\info.log,customers\yhty-20260319\c0039869-5bf6-4431-9402-4c7ef1d057b9\logs,info.log,file,2026-04-24 17:46:51
customers\yhty-20260319\c0039869-5bf6-4431-9402-4c7ef1d057b9\logs\warning.log,customers\yhty-20260319\c0039869-5bf6-4431-9402-4c7ef1d057b9\logs,warning.log,file,2026-04-24 17:46:51
customers\yhty-20260319\33d56403-e591-4e49-9a60-4612c701973e\logs\info.log,customers\yhty-20260319\33d56403-e591-4e49-9a60-4612c701973e\logs,info.log,file,2026-04-24 17:46:52
customers\yhty-20260319\33d56403-e591-4e49-9a60-4612c701973e\logs\warning.log,customers\yhty-20260319\33d56403-e591-4e49-9a60-4612c701973e\logs,warning.log,file,2026-04-24 17:46:52
customers\yhty-20260319\cecb5f5b-6279-4fa9-ae88-1b42b6289316\logs\info.log,customers\yhty-20260319\cecb5f5b-6279-4fa9-ae88-1b42b6289316\logs,info.log,file,2026-04-24 17:46:53
customers\yhty-20260319\cecb5f5b-6279-4fa9-ae88-1b42b6289316\logs\warning.log,customers\yhty-20260319\cecb5f5b-6279-4fa9-ae88-1b42b6289316\logs,warning.log,file,2026-04-24 17:46:53
customers\yhty-20260319\3c65ec14-e7cc-4c0d-bc1a-8669968e516c\logs\info.log,customers\yhty-20260319\3c65ec14-e7cc-4c0d-bc1a-8669968e516c\logs,info.log,file,2026-04-24 17:46:53
customers\yhty-20260319\3c65ec14-e7cc-4c0d-bc1a-8669968e516c\logs\warning.log,customers\yhty-20260319\3c65ec14-e7cc-4c0d-bc1a-8669968e516c\logs,warning.log,file,2026-04-24 17:46:53
customers\yhty-20260319\5f3c3b25-9fc9-4a03-bd82-55908310bfd1\logs\info.log,customers\yhty-20260319\5f3c3b25-9fc9-4a03-bd82-55908310bfd1\logs,info.log,file,2026-04-24 17:46:54
customers\yhty-20260319\5f3c3b25-9fc9-4a03-bd82-55908310bfd1\logs\warning.log,customers\yhty-20260319\5f3c3b25-9fc9-4a03-bd82-55908310bfd1\logs,warning.log,file,2026-04-24 17:46:54
customers\yhty-20260319\d89124d0-d6a1-4e6b-bb1f-3bedaddc0a93\logs\info.log,customers\yhty-20260319\d89124d0-d6a1-4e6b-bb1f-3bedaddc0a93\logs,info.log,file,2026-04-24 17:46:55
customers\yhty-20260319\d89124d0-d6a1-4e6b-bb1f-3bedaddc0a93\logs\warning.log,customers\yhty-20260319\d89124d0-d6a1-4e6b-bb1f-3bedaddc0a93\logs,warning.log,file,2026-04-24 17:46:55
customers\yhty-20260319\693aab52-f45f-48cc-ae84-f7a9ec9adbf3\logs\info.log,customers\yhty-20260319\693aab52-f45f-48cc-ae84-f7a9ec9adbf3\logs,info.log,file,2026-04-24 17:46:56
customers\yhty-20260319\693aab52-f45f-48cc-ae84-f7a9ec9adbf3\logs\warning.log,customers\yhty-20260319\693aab52-f45f-48cc-ae84-f7a9ec9adbf3\logs,warning.log,file,2026-04-24 17:46:56
customers\yhty-20260319\908ba82d-86e2-436c-a63b-0536f136235d\logs\info.log,customers\yhty-20260319\908ba82d-86e2-436c-a63b-0536f136235d\logs,info.log,file,2026-04-24 17:46:57
customers\yhty-20260319\908ba82d-86e2-436c-a63b-0536f136235d\logs\warning.log,customers\yhty-20260319\908ba82d-86e2-436c-a63b-0536f136235d\logs,warning.log,file,2026-04-24 17:46:57
customers\yhty-20260319\d0a97e10-bec3-42d4-bb81-4577b0acdf47\logs\info.log,customers\yhty-20260319\d0a97e10-bec3-42d4-bb81-4577b0acdf47\logs,info.log,file,2026-04-24 17:46:57
customers\yhty-20260319\d0a97e10-bec3-42d4-bb81-4577b0acdf47\logs\warning.log,customers\yhty-20260319\d0a97e10-bec3-42d4-bb81-4577b0acdf47\logs,warning.log,file,2026-04-24 17:46:57
customers\yhty-20260319\4e04eb24-ec74-4294-8f68-c60f7f1a225d\logs\info.log,customers\yhty-20260319\4e04eb24-ec74-4294-8f68-c60f7f1a225d\logs,info.log,file,2026-04-24 17:46:58
customers\yhty-20260319\4e04eb24-ec74-4294-8f68-c60f7f1a225d\logs\warning.log,customers\yhty-20260319\4e04eb24-ec74-4294-8f68-c60f7f1a225d\logs,warning.log,file,2026-04-24 17:46:58
customers\yhty-20260319\20e6e15f-f1af-4e1a-9616-e5f969cdbe71\logs\info.log,customers\yhty-20260319\20e6e15f-f1af-4e1a-9616-e5f969cdbe71\logs,info.log,file,2026-04-24 17:46:59
customers\yhty-20260319\20e6e15f-f1af-4e1a-9616-e5f969cdbe71\logs\warning.log,customers\yhty-20260319\20e6e15f-f1af-4e1a-9616-e5f969cdbe71\logs,warning.log,file,2026-04-24 17:46:59
customers\yhty-20260319\d987d8d6-430a-49f6-8005-71ea768b46f0\logs\info.log,customers\yhty-20260319\d987d8d6-430a-49f6-8005-71ea768b46f0\logs,info.log,file,2026-04-24 17:46:59
customers\yhty-20260319\d987d8d6-430a-49f6-8005-71ea768b46f0\logs\warning.log,customers\yhty-20260319\d987d8d6-430a-49f6-8005-71ea768b46f0\logs,warning.log,file,2026-04-24 17:46:59
customers\yhty-20260319\29cad8a0-1d99-438b-9ddd-fe4c1149b276\logs\info.log,customers\yhty-20260319\29cad8a0-1d99-438b-9ddd-fe4c1149b276\logs,info.log,file,2026-04-24 17:47:00
customers\yhty-20260319\29cad8a0-1d99-438b-9ddd-fe4c1149b276\logs\warning.log,customers\yhty-20260319\29cad8a0-1d99-438b-9ddd-fe4c1149b276\logs,warning.log,file,2026-04-24 17:47:00
customers\yhty-20260319\e947ebf0-5287-4666-871f-5684c9b277c2\logs\info.log,customers\yhty-20260319\e947ebf0-5287-4666-871f-5684c9b277c2\logs,info.log,file,2026-04-24 17:47:01
customers\yhty-20260319\e947ebf0-5287-4666-871f-5684c9b277c2\logs\warning.log,customers\yhty-20260319\e947ebf0-5287-4666-871f-5684c9b277c2\logs,warning.log,file,2026-04-24 17:47:01
customers\yhty-20260319\fccec0f0-1882-4cb7-b659-4ec8b0478138\logs\info.log,customers\yhty-20260319\fccec0f0-1882-4cb7-b659-4ec8b0478138\logs,info.log,file,2026-04-24 17:47:02
customers\yhty-20260319\fccec0f0-1882-4cb7-b659-4ec8b0478138\logs\warning.log,customers\yhty-20260319\fccec0f0-1882-4cb7-b659-4ec8b0478138\logs,warning.log,file,2026-04-24 17:47:02
customers\yhty-20260319\342f246e-01df-4b2a-b4fe-7f431f12f8f1\logs\info.log,customers\yhty-20260319\342f246e-01df-4b2a-b4fe-7f431f12f8f1\logs,info.log,file,2026-04-24 17:47:03
customers\yhty-20260319\342f246e-01df-4b2a-b4fe-7f431f12f8f1\logs\warning.log,customers\yhty-20260319\342f246e-01df-4b2a-b4fe-7f431f12f8f1\logs,warning.log,file,2026-04-24 17:47:03
customers\yhty-20260319\8c88ce9a-71e5-4c57-8475-57316ec47ff7\logs\info.log,customers\yhty-20260319\8c88ce9a-71e5-4c57-8475-57316ec47ff7\logs,info.log,file,2026-04-24 17:47:03
customers\yhty-20260319\8c88ce9a-71e5-4c57-8475-57316ec47ff7\logs\warning.log,customers\yhty-20260319\8c88ce9a-71e5-4c57-8475-57316ec47ff7\logs,warning.log,file,2026-04-24 17:47:03
customers\yhty-20260319\ce965677-0913-4b80-aa8a-8cd06891a1ff\logs\info.log,customers\yhty-20260319\ce965677-0913-4b80-aa8a-8cd06891a1ff\logs,info.log,file,2026-04-24 17:47:04
customers\yhty-20260319\ce965677-0913-4b80-aa8a-8cd06891a1ff\logs\warning.log,customers\yhty-20260319\ce965677-0913-4b80-aa8a-8cd06891a1ff\logs,warning.log,file,2026-04-24 17:47:04
customers\yhty-20260319\1c5af2d0-7b02-497f-89d0-dfa46bb16e15\logs\info.log,customers\yhty-20260319\1c5af2d0-7b02-497f-89d0-dfa46bb16e15\logs,info.log,file,2026-04-24 17:47:05
customers\yhty-20260319\1c5af2d0-7b02-497f-89d0-dfa46bb16e15\logs\warning.log,customers\yhty-20260319\1c5af2d0-7b02-497f-89d0-dfa46bb16e15\logs,warning.log,file,2026-04-24 17:47:05
customers\yhty-20260319\976f0bcb-9508-403e-bc52-2bcaae08daad\logs\info.log,customers\yhty-20260319\976f0bcb-9508-403e-bc52-2bcaae08daad\logs,info.log,file,2026-04-24 17:47:05
customers\yhty-20260319\976f0bcb-9508-403e-bc52-2bcaae08daad\logs\warning.log,customers\yhty-20260319\976f0bcb-9508-403e-bc52-2bcaae08daad\logs,warning.log,file,2026-04-24 17:47:05
customers\yhty-20260319\2ca21f72-492d-4301-b53d-cf247a5410a6\logs\info.log,customers\yhty-20260319\2ca21f72-492d-4301-b53d-cf247a5410a6\logs,info.log,file,2026-04-24 17:47:06
customers\yhty-20260319\2ca21f72-492d-4301-b53d-cf247a5410a6\logs\warning.log,customers\yhty-20260319\2ca21f72-492d-4301-b53d-cf247a5410a6\logs,warning.log,file,2026-04-24 17:47:06
customers\yhty-20260319\6198d94f-4038-4d84-bcac-a40a22004bb8\logs\info.log,customers\yhty-20260319\6198d94f-4038-4d84-bcac-a40a22004bb8\logs,info.log,file,2026-04-24 17:47:07
customers\yhty-20260319\6198d94f-4038-4d84-bcac-a40a22004bb8\logs\warning.log,customers\yhty-20260319\6198d94f-4038-4d84-bcac-a40a22004bb8\logs,warning.log,file,2026-04-24 17:47:07
customers\yhty-20260319\8ba1f3ef-849d-420d-8c37-be460910e9a8\logs\info.log,customers\yhty-20260319\8ba1f3ef-849d-420d-8c37-be460910e9a8\logs,info.log,file,2026-04-24 17:47:07
customers\yhty-20260319\8ba1f3ef-849d-420d-8c37-be460910e9a8\logs\warning.log,customers\yhty-20260319\8ba1f3ef-849d-420d-8c37-be460910e9a8\logs,warning.log,file,2026-04-24 17:47:07
customers\yhty-20260319\53effb5f-2478-4af4-bf55-f7b981366927\logs\info.log,customers\yhty-20260319\53effb5f-2478-4af4-bf55-f7b981366927\logs,info.log,file,2026-04-24 17:47:08
customers\yhty-20260319\53effb5f-2478-4af4-bf55-f7b981366927\logs\warning.log,customers\yhty-20260319\53effb5f-2478-4af4-bf55-f7b981366927\logs,warning.log,file,2026-04-24 17:47:08
customers\yhty-20260319\f5e4e313-4190-4709-8561-02bd44314655\logs\info.log,customers\yhty-20260319\f5e4e313-4190-4709-8561-02bd44314655\logs,info.log,file,2026-04-24 17:47:09
customers\yhty-20260319\f5e4e313-4190-4709-8561-02bd44314655\logs\warning.log,customers\yhty-20260319\f5e4e313-4190-4709-8561-02bd44314655\logs,warning.log,file,2026-04-24 17:47:09
customers\yhty-20260319\9fdb0790-e36b-4569-b4b5-b6c1b52dd9ca\logs\info.log,customers\yhty-20260319\9fdb0790-e36b-4569-b4b5-b6c1b52dd9ca\logs,info.log,file,2026-04-24 17:47:10
customers\yhty-20260319\9fdb0790-e36b-4569-b4b5-b6c1b52dd9ca\logs\warning.log,customers\yhty-20260319\9fdb0790-e36b-4569-b4b5-b6c1b52dd9ca\logs,warning.log,file,2026-04-24 17:47:10
customers\yhty-20260319\92395fcb-5e36-44d1-85ac-299a38e6e2fb\logs\info.log,customers\yhty-20260319\92395fcb-5e36-44d1-85ac-299a38e6e2fb\logs,info.log,file,2026-04-24 17:47:11
customers\yhty-20260319\92395fcb-5e36-44d1-85ac-299a38e6e2fb\logs\warning.log,customers\yhty-20260319\92395fcb-5e36-44d1-85ac-299a38e6e2fb\logs,warning.log,file,2026-04-24 17:47:11
customers\yhty-20260319\58087892-e042-4c1f-828c-a4b7942141b2\logs\info.log,customers\yhty-20260319\58087892-e042-4c1f-828c-a4b7942141b2\logs,info.log,file,2026-04-24 17:47:11
customers\yhty-20260319\58087892-e042-4c1f-828c-a4b7942141b2\logs\warning.log,customers\yhty-20260319\58087892-e042-4c1f-828c-a4b7942141b2\logs,warning.log,file,2026-04-24 17:47:11
customers\yhty-20260319\ab986392-dec6-4fdd-8106-248b877b309a\logs\info.log,customers\yhty-20260319\ab986392-dec6-4fdd-8106-248b877b309a\logs,info.log,file,2026-04-24 17:47:12
customers\yhty-20260319\ab986392-dec6-4fdd-8106-248b877b309a\logs\warning.log,customers\yhty-20260319\ab986392-dec6-4fdd-8106-248b877b309a\logs,warning.log,file,2026-04-24 17:47:12
customers\yhty-20260319\f24d18c7-0d13-4a94-8115-e03c4b2b63a9\logs\info.log,customers\yhty-20260319\f24d18c7-0d13-4a94-8115-e03c4b2b63a9\logs,info.log,file,2026-04-24 17:47:12
customers\yhty-20260319\f24d18c7-0d13-4a94-8115-e03c4b2b63a9\logs\warning.log,customers\yhty-20260319\f24d18c7-0d13-4a94-8115-e03c4b2b63a9\logs,warning.log,file,2026-04-24 17:47:12
customers\yhty-20260319\e62d8f3f-9859-458b-bfa7-d9a47f04fbe3\logs\info.log,customers\yhty-20260319\e62d8f3f-9859-458b-bfa7-d9a47f04fbe3\logs,info.log,file,2026-04-24 17:47:13
customers\yhty-20260319\e62d8f3f-9859-458b-bfa7-d9a47f04fbe3\logs\warning.log,customers\yhty-20260319\e62d8f3f-9859-458b-bfa7-d9a47f04fbe3\logs,warning.log,file,2026-04-24 17:47:13
customers\yhty-20260319\8786719d-9a51-4ed5-9498-b62c3380412a\logs\info.log,customers\yhty-20260319\8786719d-9a51-4ed5-9498-b62c3380412a\logs,info.log,file,2026-04-24 17:47:14
customers\yhty-20260319\8786719d-9a51-4ed5-9498-b62c3380412a\logs\warning.log,customers\yhty-20260319\8786719d-9a51-4ed5-9498-b62c3380412a\logs,warning.log,file,2026-04-24 17:47:14
customers\yhty-20260319\a64d9782-99ef-49f0-bad2-f572e71ffc3d\logs\info.log,customers\yhty-20260319\a64d9782-99ef-49f0-bad2-f572e71ffc3d\logs,info.log,file,2026-04-24 17:47:14
customers\yhty-20260319\a64d9782-99ef-49f0-bad2-f572e71ffc3d\logs\warning.log,customers\yhty-20260319\a64d9782-99ef-49f0-bad2-f572e71ffc3d\logs,warning.log,file,2026-04-24 17:47:14
customers\yhty-20260319\3d45467b-8964-4beb-9257-bfbcee8aa7f1\logs\info.log,customers\yhty-20260319\3d45467b-8964-4beb-9257-bfbcee8aa7f1\logs,info.log,file,2026-04-24 17:47:15
customers\yhty-20260319\3d45467b-8964-4beb-9257-bfbcee8aa7f1\logs\warning.log,customers\yhty-20260319\3d45467b-8964-4beb-9257-bfbcee8aa7f1\logs,warning.log,file,2026-04-24 17:47:15
customers\yhty-20260319\5bca9810-3b97-40f1-899c-f65037c61e2c\logs\info.log,customers\yhty-20260319\5bca9810-3b97-40f1-899c-f65037c61e2c\logs,info.log,file,2026-04-24 17:47:16
customers\yhty-20260319\5bca9810-3b97-40f1-899c-f65037c61e2c\logs\warning.log,customers\yhty-20260319\5bca9810-3b97-40f1-899c-f65037c61e2c\logs,warning.log,file,2026-04-24 17:47:16
customers\yhty-20260319\2ec0b4c0-d9db-4ecc-9cbe-ead690890303\logs\info.log,customers\yhty-20260319\2ec0b4c0-d9db-4ecc-9cbe-ead690890303\logs,info.log,file,2026-04-24 17:47:17
customers\yhty-20260319\2ec0b4c0-d9db-4ecc-9cbe-ead690890303\logs\warning.log,customers\yhty-20260319\2ec0b4c0-d9db-4ecc-9cbe-ead690890303\logs,warning.log,file,2026-04-24 17:47:17
customers\yhty-20260319\090cd76f-176b-4abc-8f36-c419641332b6\logs\info.log,customers\yhty-20260319\090cd76f-176b-4abc-8f36-c419641332b6\logs,info.log,file,2026-04-24 17:47:17
customers\yhty-20260319\090cd76f-176b-4abc-8f36-c419641332b6\logs\warning.log,customers\yhty-20260319\090cd76f-176b-4abc-8f36-c419641332b6\logs,warning.log,file,2026-04-24 17:47:17
customers\yhty-20260319\9efe1034-e4f2-4933-9d36-12e25a273806\logs\info.log,customers\yhty-20260319\9efe1034-e4f2-4933-9d36-12e25a273806\logs,info.log,file,2026-04-24 17:47:18
customers\yhty-20260319\9efe1034-e4f2-4933-9d36-12e25a273806\logs\warning.log,customers\yhty-20260319\9efe1034-e4f2-4933-9d36-12e25a273806\logs,warning.log,file,2026-04-24 17:47:18
customers\yhty-20260319\c6a80203-da78-4801-b008-b0c44c1491ea\logs\info.log,customers\yhty-20260319\c6a80203-da78-4801-b008-b0c44c1491ea\logs,info.log,file,2026-04-24 17:47:19
customers\yhty-20260319\c6a80203-da78-4801-b008-b0c44c1491ea\logs\error.log,customers\yhty-20260319\c6a80203-da78-4801-b008-b0c44c1491ea\logs,error.log,file,2026-04-24 17:47:19
customers\yhty-20260319\c6a80203-da78-4801-b008-b0c44c1491ea\logs\warning.log,customers\yhty-20260319\c6a80203-da78-4801-b008-b0c44c1491ea\logs,warning.log,file,2026-04-24 17:47:19
customers\yhty-20260319\d310468d-c0dd-4e83-89f9-f5d5e877f18b\logs\info.log,customers\yhty-20260319\d310468d-c0dd-4e83-89f9-f5d5e877f18b\logs,info.log,file,2026-04-24 17:47:20
customers\yhty-20260319\d310468d-c0dd-4e83-89f9-f5d5e877f18b\logs\error.log,customers\yhty-20260319\d310468d-c0dd-4e83-89f9-f5d5e877f18b\logs,error.log,file,2026-04-24 17:47:20
customers\yhty-20260319\d310468d-c0dd-4e83-89f9-f5d5e877f18b\logs\warning.log,customers\yhty-20260319\d310468d-c0dd-4e83-89f9-f5d5e877f18b\logs,warning.log,file,2026-04-24 17:47:20
customers\yhty-20260319\ea3d723d-b7c0-4a0f-89f0-3f6877289b18\logs\info.log,customers\yhty-20260319\ea3d723d-b7c0-4a0f-89f0-3f6877289b18\logs,info.log,file,2026-04-24 17:47:21
customers\yhty-20260319\ea3d723d-b7c0-4a0f-89f0-3f6877289b18\logs\error.log,customers\yhty-20260319\ea3d723d-b7c0-4a0f-89f0-3f6877289b18\logs,error.log,file,2026-04-24 17:47:21
customers\yhty-20260319\ea3d723d-b7c0-4a0f-89f0-3f6877289b18\logs\warning.log,customers\yhty-20260319\ea3d723d-b7c0-4a0f-89f0-3f6877289b18\logs,warning.log,file,2026-04-24 17:47:21
customers\yhty-20260319\ff3865b0-1fc4-493a-bd27-7e2e184a50ca\logs\info.log,customers\yhty-20260319\ff3865b0-1fc4-493a-bd27-7e2e184a50ca\logs,info.log,file,2026-04-24 17:47:22
customers\yhty-20260319\ff3865b0-1fc4-493a-bd27-7e2e184a50ca\logs\error.log,customers\yhty-20260319\ff3865b0-1fc4-493a-bd27-7e2e184a50ca\logs,error.log,file,2026-04-24 17:47:22
customers\yhty-20260319\ff3865b0-1fc4-493a-bd27-7e2e184a50ca\logs\warning.log,customers\yhty-20260319\ff3865b0-1fc4-493a-bd27-7e2e184a50ca\logs,warning.log,file,2026-04-24 17:47:22
customers\yhty-20260319\6d5eb62a-16c0-4a6f-acb6-da38c59b8b1c\logs\info.log,customers\yhty-20260319\6d5eb62a-16c0-4a6f-acb6-da38c59b8b1c\logs,info.log,file,2026-04-24 17:47:22
customers\yhty-20260319\6d5eb62a-16c0-4a6f-acb6-da38c59b8b1c\logs\error.log,customers\yhty-20260319\6d5eb62a-16c0-4a6f-acb6-da38c59b8b1c\logs,error.log,file,2026-04-24 17:47:22
customers\yhty-20260319\6d5eb62a-16c0-4a6f-acb6-da38c59b8b1c\logs\warning.log,customers\yhty-20260319\6d5eb62a-16c0-4a6f-acb6-da38c59b8b1c\logs,warning.log,file,2026-04-24 17:47:22
customers\yhty-20260319\00c59acc-0fe6-4b96-a606-fd43f0ef3915\logs\info.log,customers\yhty-20260319\00c59acc-0fe6-4b96-a606-fd43f0ef3915\logs,info.log,file,2026-04-24 17:47:23
customers\yhty-20260319\00c59acc-0fe6-4b96-a606-fd43f0ef3915\logs\error.log,customers\yhty-20260319\00c59acc-0fe6-4b96-a606-fd43f0ef3915\logs,error.log,file,2026-04-24 17:47:23
customers\yhty-20260319\00c59acc-0fe6-4b96-a606-fd43f0ef3915\logs\warning.log,customers\yhty-20260319\00c59acc-0fe6-4b96-a606-fd43f0ef3915\logs,warning.log,file,2026-04-24 17:47:23
customers\yhty-20260319\e1abb02e-0a0e-4f8d-9521-727ddc3a182e\logs\info.log,customers\yhty-20260319\e1abb02e-0a0e-4f8d-9521-727ddc3a182e\logs,info.log,file,2026-04-24 17:47:24
customers\yhty-20260319\e1abb02e-0a0e-4f8d-9521-727ddc3a182e\logs\error.log,customers\yhty-20260319\e1abb02e-0a0e-4f8d-9521-727ddc3a182e\logs,error.log,file,2026-04-24 17:47:24
customers\yhty-20260319\e1abb02e-0a0e-4f8d-9521-727ddc3a182e\logs\warning.log,customers\yhty-20260319\e1abb02e-0a0e-4f8d-9521-727ddc3a182e\logs,warning.log,file,2026-04-24 17:47:24
customers\yhty-20260319\e6364eed-c9c5-4e4c-b9bd-e555c4559680\logs\info.log,customers\yhty-20260319\e6364eed-c9c5-4e4c-b9bd-e555c4559680\logs,info.log,file,2026-04-24 17:47:25
customers\yhty-20260319\e6364eed-c9c5-4e4c-b9bd-e555c4559680\logs\error.log,customers\yhty-20260319\e6364eed-c9c5-4e4c-b9bd-e555c4559680\logs,error.log,file,2026-04-24 17:47:25
customers\yhty-20260319\e6364eed-c9c5-4e4c-b9bd-e555c4559680\logs\warning.log,customers\yhty-20260319\e6364eed-c9c5-4e4c-b9bd-e555c4559680\logs,warning.log,file,2026-04-24 17:47:25
customers\yhty-20260319\f5f967dd-e914-4fa9-b7be-dbb129c4d0f6\logs\info.log,customers\yhty-20260319\f5f967dd-e914-4fa9-b7be-dbb129c4d0f6\logs,info.log,file,2026-04-24 17:47:25
customers\yhty-20260319\f5f967dd-e914-4fa9-b7be-dbb129c4d0f6\logs\error.log,customers\yhty-20260319\f5f967dd-e914-4fa9-b7be-dbb129c4d0f6\logs,error.log,file,2026-04-24 17:47:25
customers\yhty-20260319\f5f967dd-e914-4fa9-b7be-dbb129c4d0f6\logs\warning.log,customers\yhty-20260319\f5f967dd-e914-4fa9-b7be-dbb129c4d0f6\logs,warning.log,file,2026-04-24 17:47:26
customers\yhty-20260319\4f4e761a-95f3-4761-ad43-e728e3502a98\logs\info.log,customers\yhty-20260319\4f4e761a-95f3-4761-ad43-e728e3502a98\logs,info.log,file,2026-04-24 17:47:26
customers\yhty-20260319\4f4e761a-95f3-4761-ad43-e728e3502a98\logs\error.log,customers\yhty-20260319\4f4e761a-95f3-4761-ad43-e728e3502a98\logs,error.log,file,2026-04-24 17:47:26
customers\yhty-20260319\4f4e761a-95f3-4761-ad43-e728e3502a98\logs\warning.log,customers\yhty-20260319\4f4e761a-95f3-4761-ad43-e728e3502a98\logs,warning.log,file,2026-04-24 17:47:26
customers\yhty-20260319\48c75468-dc59-460a-af05-728facc033ff\logs\info.log,customers\yhty-20260319\48c75468-dc59-460a-af05-728facc033ff\logs,info.log,file,2026-04-24 17:47:27
customers\yhty-20260319\48c75468-dc59-460a-af05-728facc033ff\logs\error.log,customers\yhty-20260319\48c75468-dc59-460a-af05-728facc033ff\logs,error.log,file,2026-04-24 17:47:27
customers\yhty-20260319\48c75468-dc59-460a-af05-728facc033ff\logs\warning.log,customers\yhty-20260319\48c75468-dc59-460a-af05-728facc033ff\logs,warning.log,file,2026-04-24 17:47:27
customers\yhty-20260319\64ac151f-c7e8-476c-a9d5-3435aff13ada\logs\info.log,customers\yhty-20260319\64ac151f-c7e8-476c-a9d5-3435aff13ada\logs,info.log,file,2026-04-24 17:47:28
customers\yhty-20260319\64ac151f-c7e8-476c-a9d5-3435aff13ada\logs\error.log,customers\yhty-20260319\64ac151f-c7e8-476c-a9d5-3435aff13ada\logs,error.log,file,2026-04-24 17:47:28
customers\yhty-20260319\64ac151f-c7e8-476c-a9d5-3435aff13ada\logs\warning.log,customers\yhty-20260319\64ac151f-c7e8-476c-a9d5-3435aff13ada\logs,warning.log,file,2026-04-24 17:47:28
customers\yhty-20260319\7e0d364a-dcc7-4dde-b10a-fe2fc1b83fa8\logs\info.log,customers\yhty-20260319\7e0d364a-dcc7-4dde-b10a-fe2fc1b83fa8\logs,info.log,file,2026-04-24 17:47:29
customers\yhty-20260319\7e0d364a-dcc7-4dde-b10a-fe2fc1b83fa8\logs\error.log,customers\yhty-20260319\7e0d364a-dcc7-4dde-b10a-fe2fc1b83fa8\logs,error.log,file,2026-04-24 17:47:29
customers\yhty-20260319\7e0d364a-dcc7-4dde-b10a-fe2fc1b83fa8\logs\warning.log,customers\yhty-20260319\7e0d364a-dcc7-4dde-b10a-fe2fc1b83fa8\logs,warning.log,file,2026-04-24 17:47:29
customers\yhty-20260319\e3a2262e-569f-4536-8edb-c2ac188abd3f\logs\info.log,customers\yhty-20260319\e3a2262e-569f-4536-8edb-c2ac188abd3f\logs,info.log,file,2026-04-24 17:47:29
customers\yhty-20260319\e3a2262e-569f-4536-8edb-c2ac188abd3f\logs\error.log,customers\yhty-20260319\e3a2262e-569f-4536-8edb-c2ac188abd3f\logs,error.log,file,2026-04-24 17:47:29
customers\yhty-20260319\e3a2262e-569f-4536-8edb-c2ac188abd3f\logs\warning.log,customers\yhty-20260319\e3a2262e-569f-4536-8edb-c2ac188abd3f\logs,warning.log,file,2026-04-24 17:47:29
customers\yhty-20260319\64d2dcb0-642c-4311-a295-e56f496d4986\logs\info.log,customers\yhty-20260319\64d2dcb0-642c-4311-a295-e56f496d4986\logs,info.log,file,2026-04-24 17:47:30
customers\yhty-20260319\64d2dcb0-642c-4311-a295-e56f496d4986\logs\error.log,customers\yhty-20260319\64d2dcb0-642c-4311-a295-e56f496d4986\logs,error.log,file,2026-04-24 17:47:30
customers\yhty-20260319\64d2dcb0-642c-4311-a295-e56f496d4986\logs\warning.log,customers\yhty-20260319\64d2dcb0-642c-4311-a295-e56f496d4986\logs,warning.log,file,2026-04-24 17:47:30
customers\yhty-20260319\eadd2ca0-97d7-487c-945c-9c96d89fee88\logs\info.log,customers\yhty-20260319\eadd2ca0-97d7-487c-945c-9c96d89fee88\logs,info.log,file,2026-04-24 17:47:31
customers\yhty-20260319\eadd2ca0-97d7-487c-945c-9c96d89fee88\logs\error.log,customers\yhty-20260319\eadd2ca0-97d7-487c-945c-9c96d89fee88\logs,error.log,file,2026-04-24 17:47:31
customers\yhty-20260319\eadd2ca0-97d7-487c-945c-9c96d89fee88\logs\warning.log,customers\yhty-20260319\eadd2ca0-97d7-487c-945c-9c96d89fee88\logs,warning.log,file,2026-04-24 17:47:31
customers\yhty-20260319\8f7c9ffa-3ba9-470f-af8e-9f686a6e167a\logs\info.log,customers\yhty-20260319\8f7c9ffa-3ba9-470f-af8e-9f686a6e167a\logs,info.log,file,2026-04-24 17:47:31
customers\yhty-20260319\8f7c9ffa-3ba9-470f-af8e-9f686a6e167a\logs\error.log,customers\yhty-20260319\8f7c9ffa-3ba9-470f-af8e-9f686a6e167a\logs,error.log,file,2026-04-24 17:47:31
customers\yhty-20260319\8f7c9ffa-3ba9-470f-af8e-9f686a6e167a\logs\warning.log,customers\yhty-20260319\8f7c9ffa-3ba9-470f-af8e-9f686a6e167a\logs,warning.log,file,2026-04-24 17:47:31
customers\yhty-20260319\0c47b154-2d0b-4d16-81b7-dfc011586eb5\logs\info.log,customers\yhty-20260319\0c47b154-2d0b-4d16-81b7-dfc011586eb5\logs,info.log,file,2026-04-24 17:47:32
customers\yhty-20260319\0c47b154-2d0b-4d16-81b7-dfc011586eb5\logs\error.log,customers\yhty-20260319\0c47b154-2d0b-4d16-81b7-dfc011586eb5\logs,error.log,file,2026-04-24 17:47:32
customers\yhty-20260319\0c47b154-2d0b-4d16-81b7-dfc011586eb5\logs\warning.log,customers\yhty-20260319\0c47b154-2d0b-4d16-81b7-dfc011586eb5\logs,warning.log,file,2026-04-24 17:47:32
customers\yhty-20260319\1b2f9b7b-b1ab-4fb1-a264-fe354a44ed43\logs\info.log,customers\yhty-20260319\1b2f9b7b-b1ab-4fb1-a264-fe354a44ed43\logs,info.log,file,2026-04-24 17:47:33
customers\yhty-20260319\1b2f9b7b-b1ab-4fb1-a264-fe354a44ed43\logs\error.log,customers\yhty-20260319\1b2f9b7b-b1ab-4fb1-a264-fe354a44ed43\logs,error.log,file,2026-04-24 17:47:33
customers\yhty-20260319\1b2f9b7b-b1ab-4fb1-a264-fe354a44ed43\logs\warning.log,customers\yhty-20260319\1b2f9b7b-b1ab-4fb1-a264-fe354a44ed43\logs,warning.log,file,2026-04-24 17:47:33
customers\yhty-20260319\e217c996-b822-41b4-b153-f109b09dd113\logs\info.log,customers\yhty-20260319\e217c996-b822-41b4-b153-f109b09dd113\logs,info.log,file,2026-04-24 17:47:34
customers\yhty-20260319\e217c996-b822-41b4-b153-f109b09dd113\logs\error.log,customers\yhty-20260319\e217c996-b822-41b4-b153-f109b09dd113\logs,error.log,file,2026-04-24 17:47:34
customers\yhty-20260319\e217c996-b822-41b4-b153-f109b09dd113\logs\warning.log,customers\yhty-20260319\e217c996-b822-41b4-b153-f109b09dd113\logs,warning.log,file,2026-04-24 17:47:34
customers\yhty-20260319\9a5c403b-383e-4ead-8eb0-35872d430343\logs\info.log,customers\yhty-20260319\9a5c403b-383e-4ead-8eb0-35872d430343\logs,info.log,file,2026-04-24 17:47:34
customers\yhty-20260319\9a5c403b-383e-4ead-8eb0-35872d430343\logs\warning.log,customers\yhty-20260319\9a5c403b-383e-4ead-8eb0-35872d430343\logs,warning.log,file,2026-04-24 17:47:34
customers\yhty-20260319\52ca1289-034b-4c63-b152-cff6825b5c60\logs\info.log,customers\yhty-20260319\52ca1289-034b-4c63-b152-cff6825b5c60\logs,info.log,file,2026-04-24 17:47:35
customers\yhty-20260319\52ca1289-034b-4c63-b152-cff6825b5c60\logs\warning.log,customers\yhty-20260319\52ca1289-034b-4c63-b152-cff6825b5c60\logs,warning.log,file,2026-04-24 17:47:35
customers\yhty-20260319\02678bb5-f40f-4d8b-aea7-9607bf86eaa7\logs\info.log,customers\yhty-20260319\02678bb5-f40f-4d8b-aea7-9607bf86eaa7\logs,info.log,file,2026-04-24 17:47:36
customers\yhty-20260319\02678bb5-f40f-4d8b-aea7-9607bf86eaa7\logs\warning.log,customers\yhty-20260319\02678bb5-f40f-4d8b-aea7-9607bf86eaa7\logs,warning.log,file,2026-04-24 17:47:36
customers\yhty-20260319\0f085a86-4dc4-4838-a88a-2e1c1ae53669\logs\info.log,customers\yhty-20260319\0f085a86-4dc4-4838-a88a-2e1c1ae53669\logs,info.log,file,2026-04-24 17:47:36
customers\yhty-20260319\0f085a86-4dc4-4838-a88a-2e1c1ae53669\logs\warning.log,customers\yhty-20260319\0f085a86-4dc4-4838-a88a-2e1c1ae53669\logs,warning.log,file,2026-04-24 17:47:36
customers\yhty-20260319\cc124ece-121c-4c81-bfe4-2bd191b83ec2\logs\info.log,customers\yhty-20260319\cc124ece-121c-4c81-bfe4-2bd191b83ec2\logs,info.log,file,2026-04-24 17:47:37
customers\yhty-20260319\cc124ece-121c-4c81-bfe4-2bd191b83ec2\logs\warning.log,customers\yhty-20260319\cc124ece-121c-4c81-bfe4-2bd191b83ec2\logs,warning.log,file,2026-04-24 17:47:37
customers\yhty-20260319\c1338481-44a5-441d-af86-071e2c57f59d\logs\info.log,customers\yhty-20260319\c1338481-44a5-441d-af86-071e2c57f59d\logs,info.log,file,2026-04-24 17:47:38
customers\yhty-20260319\c1338481-44a5-441d-af86-071e2c57f59d\logs\warning.log,customers\yhty-20260319\c1338481-44a5-441d-af86-071e2c57f59d\logs,warning.log,file,2026-04-24 17:47:38
customers\yhty-20260319\adb562c7-65fc-4d19-bada-f33e4ee77d58\logs\info.log,customers\yhty-20260319\adb562c7-65fc-4d19-bada-f33e4ee77d58\logs,info.log,file,2026-04-24 17:47:39
customers\yhty-20260319\adb562c7-65fc-4d19-bada-f33e4ee77d58\logs\warning.log,customers\yhty-20260319\adb562c7-65fc-4d19-bada-f33e4ee77d58\logs,warning.log,file,2026-04-24 17:47:39
customers\yhty-20260319\f469960f-d12d-4bd2-9c0d-3e43e97bf7f3\logs\info.log,customers\yhty-20260319\f469960f-d12d-4bd2-9c0d-3e43e97bf7f3\logs,info.log,file,2026-04-24 17:47:40
customers\yhty-20260319\f469960f-d12d-4bd2-9c0d-3e43e97bf7f3\logs\warning.log,customers\yhty-20260319\f469960f-d12d-4bd2-9c0d-3e43e97bf7f3\logs,warning.log,file,2026-04-24 17:47:40
customers\yhty-20260319\6e89439b-bf28-49fa-ad76-01de33b468a2\logs\info.log,customers\yhty-20260319\6e89439b-bf28-49fa-ad76-01de33b468a2\logs,info.log,file,2026-04-24 17:47:41
customers\yhty-20260319\6e89439b-bf28-49fa-ad76-01de33b468a2\logs\warning.log,customers\yhty-20260319\6e89439b-bf28-49fa-ad76-01de33b468a2\logs,warning.log,file,2026-04-24 17:47:41
customers\yhty-20260319\adbe4b60-d6ae-427d-a478-4b123a85095f\logs\info.log,customers\yhty-20260319\adbe4b60-d6ae-427d-a478-4b123a85095f\logs,info.log,file,2026-04-24 17:47:42
customers\yhty-20260319\adbe4b60-d6ae-427d-a478-4b123a85095f\logs\warning.log,customers\yhty-20260319\adbe4b60-d6ae-427d-a478-4b123a85095f\logs,warning.log,file,2026-04-24 17:47:42
customers\yhty-20260319\ba3bad47-f844-469f-8a50-904f9750f1d9\logs\info.log,customers\yhty-20260319\ba3bad47-f844-469f-8a50-904f9750f1d9\logs,info.log,file,2026-04-24 17:47:43
customers\yhty-20260319\ba3bad47-f844-469f-8a50-904f9750f1d9\logs\warning.log,customers\yhty-20260319\ba3bad47-f844-469f-8a50-904f9750f1d9\logs,warning.log,file,2026-04-24 17:47:43
customers\yhty-20260319\c9e2fe78-6701-4140-9201-b8d723449477\logs\info.log,customers\yhty-20260319\c9e2fe78-6701-4140-9201-b8d723449477\logs,info.log,file,2026-04-24 17:47:43
customers\yhty-20260319\c9e2fe78-6701-4140-9201-b8d723449477\logs\warning.log,customers\yhty-20260319\c9e2fe78-6701-4140-9201-b8d723449477\logs,warning.log,file,2026-04-24 17:47:43
customers\yhty-20260319\4041c582-5548-4e61-9ab6-41df6a2f1287\logs\info.log,customers\yhty-20260319\4041c582-5548-4e61-9ab6-41df6a2f1287\logs,info.log,file,2026-04-24 17:47:44
customers\yhty-20260319\4041c582-5548-4e61-9ab6-41df6a2f1287\logs\warning.log,customers\yhty-20260319\4041c582-5548-4e61-9ab6-41df6a2f1287\logs,warning.log,file,2026-04-24 17:47:44
customers\yhty-20260319\02c83a8d-e533-4c52-9253-d52b2f742db1\logs\info.log,customers\yhty-20260319\02c83a8d-e533-4c52-9253-d52b2f742db1\logs,info.log,file,2026-04-24 17:47:45
customers\yhty-20260319\02c83a8d-e533-4c52-9253-d52b2f742db1\logs\warning.log,customers\yhty-20260319\02c83a8d-e533-4c52-9253-d52b2f742db1\logs,warning.log,file,2026-04-24 17:47:45
customers\yhty-20260319\f932ae5d-c221-4791-9097-a8e6f1e3bfb9\logs\info.log,customers\yhty-20260319\f932ae5d-c221-4791-9097-a8e6f1e3bfb9\logs,info.log,file,2026-04-24 17:47:45
customers\yhty-20260319\f932ae5d-c221-4791-9097-a8e6f1e3bfb9\logs\warning.log,customers\yhty-20260319\f932ae5d-c221-4791-9097-a8e6f1e3bfb9\logs,warning.log,file,2026-04-24 17:47:45
customers\yhty-20260319\b7a2a737-080d-4c71-8711-ee873393d96c\logs\info.log,customers\yhty-20260319\b7a2a737-080d-4c71-8711-ee873393d96c\logs,info.log,file,2026-04-24 17:47:47
customers\yhty-20260319\b7a2a737-080d-4c71-8711-ee873393d96c\logs\warning.log,customers\yhty-20260319\b7a2a737-080d-4c71-8711-ee873393d96c\logs,warning.log,file,2026-04-24 17:47:47
customers\yhty-20260319\86aa6867-b5f3-49d7-9a8b-46aded83e077\logs\info.log,customers\yhty-20260319\86aa6867-b5f3-49d7-9a8b-46aded83e077\logs,info.log,file,2026-04-24 17:47:47
customers\yhty-20260319\86aa6867-b5f3-49d7-9a8b-46aded83e077\logs\warning.log,customers\yhty-20260319\86aa6867-b5f3-49d7-9a8b-46aded83e077\logs,warning.log,file,2026-04-24 17:47:47
customers\yhty-20260319\af9e616a-147d-453c-b1a5-78fd6c05f288\logs\info.log,customers\yhty-20260319\af9e616a-147d-453c-b1a5-78fd6c05f288\logs,info.log,file,2026-04-24 17:47:48
customers\yhty-20260319\af9e616a-147d-453c-b1a5-78fd6c05f288\logs\warning.log,customers\yhty-20260319\af9e616a-147d-453c-b1a5-78fd6c05f288\logs,warning.log,file,2026-04-24 17:47:48
customers\yhty-20260319\d7bfe8dc-b6f3-4bb1-980c-843b1e480e9d\logs\info.log,customers\yhty-20260319\d7bfe8dc-b6f3-4bb1-980c-843b1e480e9d\logs,info.log,file,2026-04-24 17:47:49
customers\yhty-20260319\d7bfe8dc-b6f3-4bb1-980c-843b1e480e9d\logs\warning.log,customers\yhty-20260319\d7bfe8dc-b6f3-4bb1-980c-843b1e480e9d\logs,warning.log,file,2026-04-24 17:47:49
customers\yhty-20260319\c24af8b5-0642-4d41-bde6-379efc9d2c10\logs\info.log,customers\yhty-20260319\c24af8b5-0642-4d41-bde6-379efc9d2c10\logs,info.log,file,2026-04-24 17:47:50
customers\yhty-20260319\c24af8b5-0642-4d41-bde6-379efc9d2c10\logs\warning.log,customers\yhty-20260319\c24af8b5-0642-4d41-bde6-379efc9d2c10\logs,warning.log,file,2026-04-24 17:47:50
customers\yhty-20260319\e72e3fcb-f62f-4e1d-99fd-8a714e8e987c\logs\info.log,customers\yhty-20260319\e72e3fcb-f62f-4e1d-99fd-8a714e8e987c\logs,info.log,file,2026-04-24 17:47:50
customers\yhty-20260319\e72e3fcb-f62f-4e1d-99fd-8a714e8e987c\logs\warning.log,customers\yhty-20260319\e72e3fcb-f62f-4e1d-99fd-8a714e8e987c\logs,warning.log,file,2026-04-24 17:47:50
customers\yhty-20260319\7f327848-5dd5-48c3-8717-697ad4876eb1\logs\info.log,customers\yhty-20260319\7f327848-5dd5-48c3-8717-697ad4876eb1\logs,info.log,file,2026-04-24 17:47:51
customers\yhty-20260319\7f327848-5dd5-48c3-8717-697ad4876eb1\logs\warning.log,customers\yhty-20260319\7f327848-5dd5-48c3-8717-697ad4876eb1\logs,warning.log,file,2026-04-24 17:47:51
customers\yhty-20260319\e27173b9-4dd8-4b10-97cc-41724c1ac2fb\logs\info.log,customers\yhty-20260319\e27173b9-4dd8-4b10-97cc-41724c1ac2fb\logs,info.log,file,2026-04-24 17:47:52
customers\yhty-20260319\e27173b9-4dd8-4b10-97cc-41724c1ac2fb\logs\warning.log,customers\yhty-20260319\e27173b9-4dd8-4b10-97cc-41724c1ac2fb\logs,warning.log,file,2026-04-24 17:47:52
customers\yhty-20260319\74162deb-f28a-4b12-9135-34f02cbe6b2a\logs\info.log,customers\yhty-20260319\74162deb-f28a-4b12-9135-34f02cbe6b2a\logs,info.log,file,2026-04-24 17:47:52
customers\yhty-20260319\74162deb-f28a-4b12-9135-34f02cbe6b2a\logs\warning.log,customers\yhty-20260319\74162deb-f28a-4b12-9135-34f02cbe6b2a\logs,warning.log,file,2026-04-24 17:47:52
customers\yhty-20260319\2324c05f-efb9-490c-9095-29fc407c7f5d\logs\info.log,customers\yhty-20260319\2324c05f-efb9-490c-9095-29fc407c7f5d\logs,info.log,file,2026-04-24 17:47:53
customers\yhty-20260319\2324c05f-efb9-490c-9095-29fc407c7f5d\logs\warning.log,customers\yhty-20260319\2324c05f-efb9-490c-9095-29fc407c7f5d\logs,warning.log,file,2026-04-24 17:47:53
customers\yhty-20260319\61c16a59-1f6b-4400-a311-c140d3214ed4\logs\info.log,customers\yhty-20260319\61c16a59-1f6b-4400-a311-c140d3214ed4\logs,info.log,file,2026-04-24 17:47:53
customers\yhty-20260319\61c16a59-1f6b-4400-a311-c140d3214ed4\logs\warning.log,customers\yhty-20260319\61c16a59-1f6b-4400-a311-c140d3214ed4\logs,warning.log,file,2026-04-24 17:47:54
customers\yhty-20260319\ca67e4ed-42b9-42d1-b57b-aeb7b570d634\logs\info.log,customers\yhty-20260319\ca67e4ed-42b9-42d1-b57b-aeb7b570d634\logs,info.log,file,2026-04-24 17:47:54
customers\yhty-20260319\ca67e4ed-42b9-42d1-b57b-aeb7b570d634\logs\warning.log,customers\yhty-20260319\ca67e4ed-42b9-42d1-b57b-aeb7b570d634\logs,warning.log,file,2026-04-24 17:47:54
customers\yhty-20260319\f107b1f8-b3b4-4336-8c21-9cabbe8b1ace\logs\info.log,customers\yhty-20260319\f107b1f8-b3b4-4336-8c21-9cabbe8b1ace\logs,info.log,file,2026-04-24 17:47:55
customers\yhty-20260319\f107b1f8-b3b4-4336-8c21-9cabbe8b1ace\logs\warning.log,customers\yhty-20260319\f107b1f8-b3b4-4336-8c21-9cabbe8b1ace\logs,warning.log,file,2026-04-24 17:47:55
customers\yhty-20260319\a212fb63-923b-4184-aa1c-59753fe78af0\logs\info.log,customers\yhty-20260319\a212fb63-923b-4184-aa1c-59753fe78af0\logs,info.log,file,2026-04-24 17:47:57
customers\yhty-20260319\a212fb63-923b-4184-aa1c-59753fe78af0\logs\warning.log,customers\yhty-20260319\a212fb63-923b-4184-aa1c-59753fe78af0\logs,warning.log,file,2026-04-24 17:47:57
customers\yhty-20260319\c49d9180-8c29-4cf7-bd9a-437a157aa023\logs\info.log,customers\yhty-20260319\c49d9180-8c29-4cf7-bd9a-437a157aa023\logs,info.log,file,2026-04-24 17:47:57
customers\yhty-20260319\c49d9180-8c29-4cf7-bd9a-437a157aa023\logs\warning.log,customers\yhty-20260319\c49d9180-8c29-4cf7-bd9a-437a157aa023\logs,warning.log,file,2026-04-24 17:47:57
customers\yhty-20260319\19f2edf9-cd9b-4b41-8904-10104daa7cfd\logs\info.log,customers\yhty-20260319\19f2edf9-cd9b-4b41-8904-10104daa7cfd\logs,info.log,file,2026-04-24 17:47:58
customers\yhty-20260319\19f2edf9-cd9b-4b41-8904-10104daa7cfd\logs\warning.log,customers\yhty-20260319\19f2edf9-cd9b-4b41-8904-10104daa7cfd\logs,warning.log,file,2026-04-24 17:47:58
customers\yhty-20260319\49a2081f-fa70-46cf-ad9d-a20274cd5a99\logs\info.log,customers\yhty-20260319\49a2081f-fa70-46cf-ad9d-a20274cd5a99\logs,info.log,file,2026-04-24 17:47:58
customers\yhty-20260319\49a2081f-fa70-46cf-ad9d-a20274cd5a99\logs\warning.log,customers\yhty-20260319\49a2081f-fa70-46cf-ad9d-a20274cd5a99\logs,warning.log,file,2026-04-24 17:47:58
customers\yhty-20260319\ff4e9090-5f2d-4706-be60-8b8a5930f1ac\logs\info.log,customers\yhty-20260319\ff4e9090-5f2d-4706-be60-8b8a5930f1ac\logs,info.log,file,2026-04-24 17:47:59
customers\yhty-20260319\ff4e9090-5f2d-4706-be60-8b8a5930f1ac\logs\warning.log,customers\yhty-20260319\ff4e9090-5f2d-4706-be60-8b8a5930f1ac\logs,warning.log,file,2026-04-24 17:47:59
customers\yhty-20260319\40d24aed-9578-4a49-81ed-7614dbb4f5b4\logs\info.log,customers\yhty-20260319\40d24aed-9578-4a49-81ed-7614dbb4f5b4\logs,info.log,file,2026-04-24 17:48:00
customers\yhty-20260319\40d24aed-9578-4a49-81ed-7614dbb4f5b4\logs\warning.log,customers\yhty-20260319\40d24aed-9578-4a49-81ed-7614dbb4f5b4\logs,warning.log,file,2026-04-24 17:48:00
customers\yhty-20260319\258a514f-f243-4634-9d2d-c77008ae61ef\logs\info.log,customers\yhty-20260319\258a514f-f243-4634-9d2d-c77008ae61ef\logs,info.log,file,2026-04-24 17:48:00
customers\yhty-20260319\258a514f-f243-4634-9d2d-c77008ae61ef\logs\warning.log,customers\yhty-20260319\258a514f-f243-4634-9d2d-c77008ae61ef\logs,warning.log,file,2026-04-24 17:48:00
customers\yhty-20260319\2a78eacd-97e4-4ceb-8841-cfb9cf18a27c\logs\info.log,customers\yhty-20260319\2a78eacd-97e4-4ceb-8841-cfb9cf18a27c\logs,info.log,file,2026-04-24 17:48:01
customers\yhty-20260319\2a78eacd-97e4-4ceb-8841-cfb9cf18a27c\logs\warning.log,customers\yhty-20260319\2a78eacd-97e4-4ceb-8841-cfb9cf18a27c\logs,warning.log,file,2026-04-24 17:48:01
customers\yhty-20260319\2c36a660-d169-4ad3-b633-1c9ae1793d71\logs\info.log,customers\yhty-20260319\2c36a660-d169-4ad3-b633-1c9ae1793d71\logs,info.log,file,2026-04-24 17:48:02
customers\yhty-20260319\2c36a660-d169-4ad3-b633-1c9ae1793d71\logs\warning.log,customers\yhty-20260319\2c36a660-d169-4ad3-b633-1c9ae1793d71\logs,warning.log,file,2026-04-24 17:48:02
customers\yhty-20260319\11f95118-3c88-48ef-948c-00ea4c4db8b9\logs\info.log,customers\yhty-20260319\11f95118-3c88-48ef-948c-00ea4c4db8b9\logs,info.log,file,2026-04-24 17:48:03
customers\yhty-20260319\11f95118-3c88-48ef-948c-00ea4c4db8b9\logs\warning.log,customers\yhty-20260319\11f95118-3c88-48ef-948c-00ea4c4db8b9\logs,warning.log,file,2026-04-24 17:48:03
customers\yhty-20260319\59e6e494-b1e0-4361-8d3f-c21b3e8810a5\logs\info.log,customers\yhty-20260319\59e6e494-b1e0-4361-8d3f-c21b3e8810a5\logs,info.log,file,2026-04-24 17:48:03
customers\yhty-20260319\59e6e494-b1e0-4361-8d3f-c21b3e8810a5\logs\warning.log,customers\yhty-20260319\59e6e494-b1e0-4361-8d3f-c21b3e8810a5\logs,warning.log,file,2026-04-24 17:48:03
customers\yhty-20260319\457e7338-1e8f-4370-aa4c-758a1122ae08\logs\info.log,customers\yhty-20260319\457e7338-1e8f-4370-aa4c-758a1122ae08\logs,info.log,file,2026-04-24 17:48:04
customers\yhty-20260319\457e7338-1e8f-4370-aa4c-758a1122ae08\logs\warning.log,customers\yhty-20260319\457e7338-1e8f-4370-aa4c-758a1122ae08\logs,warning.log,file,2026-04-24 17:48:04
customers\yhty-20260319\23a687be-dc64-42cc-9591-033225fe828f\logs\info.log,customers\yhty-20260319\23a687be-dc64-42cc-9591-033225fe828f\logs,info.log,file,2026-04-24 17:48:05
customers\yhty-20260319\23a687be-dc64-42cc-9591-033225fe828f\logs\warning.log,customers\yhty-20260319\23a687be-dc64-42cc-9591-033225fe828f\logs,warning.log,file,2026-04-24 17:48:05
customers\yhty-20260319\bfa04a02-e8be-4d92-90cf-f82208bc2fe8\logs\info.log,customers\yhty-20260319\bfa04a02-e8be-4d92-90cf-f82208bc2fe8\logs,info.log,file,2026-04-24 17:48:06
customers\yhty-20260319\bfa04a02-e8be-4d92-90cf-f82208bc2fe8\logs\warning.log,customers\yhty-20260319\bfa04a02-e8be-4d92-90cf-f82208bc2fe8\logs,warning.log,file,2026-04-24 17:48:06
customers\yhty-20260319\fa50b68e-426f-4bf8-98c8-4a621aa2d4cb\logs\info.log,customers\yhty-20260319\fa50b68e-426f-4bf8-98c8-4a621aa2d4cb\logs,info.log,file,2026-04-24 17:48:07
customers\yhty-20260319\fa50b68e-426f-4bf8-98c8-4a621aa2d4cb\logs\warning.log,customers\yhty-20260319\fa50b68e-426f-4bf8-98c8-4a621aa2d4cb\logs,warning.log,file,2026-04-24 17:48:07
customers\yhty-20260319\6e33b5a7-99ae-4187-8554-9f2b1fc07c67\logs\info.log,customers\yhty-20260319\6e33b5a7-99ae-4187-8554-9f2b1fc07c67\logs,info.log,file,2026-04-24 17:48:07
customers\yhty-20260319\6e33b5a7-99ae-4187-8554-9f2b1fc07c67\logs\warning.log,customers\yhty-20260319\6e33b5a7-99ae-4187-8554-9f2b1fc07c67\logs,warning.log,file,2026-04-24 17:48:07
customers\yhty-20260319\f9173d87-4632-4434-8514-c886fbf4992c\logs\info.log,customers\yhty-20260319\f9173d87-4632-4434-8514-c886fbf4992c\logs,info.log,file,2026-04-24 17:48:08
customers\yhty-20260319\f9173d87-4632-4434-8514-c886fbf4992c\logs\warning.log,customers\yhty-20260319\f9173d87-4632-4434-8514-c886fbf4992c\logs,warning.log,file,2026-04-24 17:48:08
customers\yhty-20260319\aa4b1aeb-9266-4387-adb2-74e3048ad49b\logs\info.log,customers\yhty-20260319\aa4b1aeb-9266-4387-adb2-74e3048ad49b\logs,info.log,file,2026-04-24 17:48:09
customers\yhty-20260319\aa4b1aeb-9266-4387-adb2-74e3048ad49b\logs\warning.log,customers\yhty-20260319\aa4b1aeb-9266-4387-adb2-74e3048ad49b\logs,warning.log,file,2026-04-24 17:48:09
customers\yhty-20260319\44c68e8b-38f8-4e7f-bbf2-b09dbbacab13\logs\info.log,customers\yhty-20260319\44c68e8b-38f8-4e7f-bbf2-b09dbbacab13\logs,info.log,file,2026-04-24 17:48:09
customers\yhty-20260319\44c68e8b-38f8-4e7f-bbf2-b09dbbacab13\logs\warning.log,customers\yhty-20260319\44c68e8b-38f8-4e7f-bbf2-b09dbbacab13\logs,warning.log,file,2026-04-24 17:48:09
customers\yhty-20260319\819f5ac2-5b60-45f2-9080-d5744fea0703\logs\info.log,customers\yhty-20260319\819f5ac2-5b60-45f2-9080-d5744fea0703\logs,info.log,file,2026-04-24 17:48:10
customers\yhty-20260319\819f5ac2-5b60-45f2-9080-d5744fea0703\logs\warning.log,customers\yhty-20260319\819f5ac2-5b60-45f2-9080-d5744fea0703\logs,warning.log,file,2026-04-24 17:48:10
customers\yhty-20260319\4157ea90-048d-41c9-9543-3453f485e92f\logs\info.log,customers\yhty-20260319\4157ea90-048d-41c9-9543-3453f485e92f\logs,info.log,file,2026-04-24 17:48:10
customers\yhty-20260319\4157ea90-048d-41c9-9543-3453f485e92f\logs\warning.log,customers\yhty-20260319\4157ea90-048d-41c9-9543-3453f485e92f\logs,warning.log,file,2026-04-24 17:48:10
customers\yhty-20260319\5a73ef3c-e6fd-4143-89b0-aadfbf3ed418\logs\info.log,customers\yhty-20260319\5a73ef3c-e6fd-4143-89b0-aadfbf3ed418\logs,info.log,file,2026-04-24 17:48:11
customers\yhty-20260319\5a73ef3c-e6fd-4143-89b0-aadfbf3ed418\logs\warning.log,customers\yhty-20260319\5a73ef3c-e6fd-4143-89b0-aadfbf3ed418\logs,warning.log,file,2026-04-24 17:48:11
customers\yhty-20260319\684d89b2-c79e-4f62-a611-dab275b37897\logs\info.log,customers\yhty-20260319\684d89b2-c79e-4f62-a611-dab275b37897\logs,info.log,file,2026-04-24 17:48:12
customers\yhty-20260319\684d89b2-c79e-4f62-a611-dab275b37897\logs\warning.log,customers\yhty-20260319\684d89b2-c79e-4f62-a611-dab275b37897\logs,warning.log,file,2026-04-24 17:48:12
customers\yhty-20260319\4df3b71b-bc33-4a32-94f3-dfc8b3a8e773\logs\info.log,customers\yhty-20260319\4df3b71b-bc33-4a32-94f3-dfc8b3a8e773\logs,info.log,file,2026-04-24 17:48:13
customers\yhty-20260319\4df3b71b-bc33-4a32-94f3-dfc8b3a8e773\logs\warning.log,customers\yhty-20260319\4df3b71b-bc33-4a32-94f3-dfc8b3a8e773\logs,warning.log,file,2026-04-24 17:48:13
customers\yhty-20260319\62e1be32-ceb9-46e1-85ae-f12786d9cd2e\logs\info.log,customers\yhty-20260319\62e1be32-ceb9-46e1-85ae-f12786d9cd2e\logs,info.log,file,2026-04-24 17:48:13
customers\yhty-20260319\62e1be32-ceb9-46e1-85ae-f12786d9cd2e\logs\warning.log,customers\yhty-20260319\62e1be32-ceb9-46e1-85ae-f12786d9cd2e\logs,warning.log,file,2026-04-24 17:48:13
customers\yhty-20260319\ba541577-cdad-42d8-8d78-47336193a7db\logs\info.log,customers\yhty-20260319\ba541577-cdad-42d8-8d78-47336193a7db\logs,info.log,file,2026-04-24 17:48:14
customers\yhty-20260319\ba541577-cdad-42d8-8d78-47336193a7db\logs\warning.log,customers\yhty-20260319\ba541577-cdad-42d8-8d78-47336193a7db\logs,warning.log,file,2026-04-24 17:48:14
customers\yhty-20260319\6d946783-11e0-443e-a6d0-1bea46734fa8\logs\info.log,customers\yhty-20260319\6d946783-11e0-443e-a6d0-1bea46734fa8\logs,info.log,file,2026-04-24 17:48:15
customers\yhty-20260319\6d946783-11e0-443e-a6d0-1bea46734fa8\logs\warning.log,customers\yhty-20260319\6d946783-11e0-443e-a6d0-1bea46734fa8\logs,warning.log,file,2026-04-24 17:48:15
customers\yhty-20260319\a0a9da21-e9e9-424e-a3f8-0887e2842cf0\logs\info.log,customers\yhty-20260319\a0a9da21-e9e9-424e-a3f8-0887e2842cf0\logs,info.log,file,2026-04-24 17:48:15
customers\yhty-20260319\a0a9da21-e9e9-424e-a3f8-0887e2842cf0\logs\warning.log,customers\yhty-20260319\a0a9da21-e9e9-424e-a3f8-0887e2842cf0\logs,warning.log,file,2026-04-24 17:48:15
customers\yhty-20260319\f27b4f6d-71fd-4f03-a1db-1be879e9f991\logs\info.log,customers\yhty-20260319\f27b4f6d-71fd-4f03-a1db-1be879e9f991\logs,info.log,file,2026-04-24 17:48:16
customers\yhty-20260319\f27b4f6d-71fd-4f03-a1db-1be879e9f991\logs\warning.log,customers\yhty-20260319\f27b4f6d-71fd-4f03-a1db-1be879e9f991\logs,warning.log,file,2026-04-24 17:48:16
customers\yhty-20260319\9a050a47-33b7-4096-84ee-06663caccf61\logs\info.log,customers\yhty-20260319\9a050a47-33b7-4096-84ee-06663caccf61\logs,info.log,file,2026-04-24 17:48:17
customers\yhty-20260319\9a050a47-33b7-4096-84ee-06663caccf61\logs\warning.log,customers\yhty-20260319\9a050a47-33b7-4096-84ee-06663caccf61\logs,warning.log,file,2026-04-24 17:48:17
customers\yhty-20260319\3d51148b-d199-43b0-826e-70121456d9c3\logs\info.log,customers\yhty-20260319\3d51148b-d199-43b0-826e-70121456d9c3\logs,info.log,file,2026-04-24 17:48:18
customers\yhty-20260319\3d51148b-d199-43b0-826e-70121456d9c3\logs\warning.log,customers\yhty-20260319\3d51148b-d199-43b0-826e-70121456d9c3\logs,warning.log,file,2026-04-24 17:48:18
customers\yhty-20260319\bd0430ba-559b-4970-882d-f4fd8e4efc95\logs\info.log,customers\yhty-20260319\bd0430ba-559b-4970-882d-f4fd8e4efc95\logs,info.log,file,2026-04-24 17:48:18
customers\yhty-20260319\bd0430ba-559b-4970-882d-f4fd8e4efc95\logs\warning.log,customers\yhty-20260319\bd0430ba-559b-4970-882d-f4fd8e4efc95\logs,warning.log,file,2026-04-24 17:48:18
customers\yhty-20260319\3d9bac5c-fda0-4cd9-bba0-93ff57de3fe3\logs\info.log,customers\yhty-20260319\3d9bac5c-fda0-4cd9-bba0-93ff57de3fe3\logs,info.log,file,2026-04-24 17:48:19
customers\yhty-20260319\3d9bac5c-fda0-4cd9-bba0-93ff57de3fe3\logs\error.log,customers\yhty-20260319\3d9bac5c-fda0-4cd9-bba0-93ff57de3fe3\logs,error.log,file,2026-04-24 17:48:19
customers\yhty-20260319\3d9bac5c-fda0-4cd9-bba0-93ff57de3fe3\logs\warning.log,customers\yhty-20260319\3d9bac5c-fda0-4cd9-bba0-93ff57de3fe3\logs,warning.log,file,2026-04-24 17:48:19
customers\yhty-20260319\bd7cbc81-1ea5-4214-9080-45345add109c\logs\info.log,customers\yhty-20260319\bd7cbc81-1ea5-4214-9080-45345add109c\logs,info.log,file,2026-04-24 17:48:20
customers\yhty-20260319\bd7cbc81-1ea5-4214-9080-45345add109c\logs\error.log,customers\yhty-20260319\bd7cbc81-1ea5-4214-9080-45345add109c\logs,error.log,file,2026-04-24 17:48:20
customers\yhty-20260319\bd7cbc81-1ea5-4214-9080-45345add109c\logs\warning.log,customers\yhty-20260319\bd7cbc81-1ea5-4214-9080-45345add109c\logs,warning.log,file,2026-04-24 17:48:20
customers\yhty-20260319\2544551e-22f3-403b-aca3-35b245302ed4\logs\info.log,customers\yhty-20260319\2544551e-22f3-403b-aca3-35b245302ed4\logs,info.log,file,2026-04-24 17:48:20
customers\yhty-20260319\2544551e-22f3-403b-aca3-35b245302ed4\logs\error.log,customers\yhty-20260319\2544551e-22f3-403b-aca3-35b245302ed4\logs,error.log,file,2026-04-24 17:48:20
customers\yhty-20260319\2544551e-22f3-403b-aca3-35b245302ed4\logs\warning.log,customers\yhty-20260319\2544551e-22f3-403b-aca3-35b245302ed4\logs,warning.log,file,2026-04-24 17:48:20
customers\yhty-20260319\bb36615c-61ee-4d81-903d-47497d2fabaa\logs\info.log,customers\yhty-20260319\bb36615c-61ee-4d81-903d-47497d2fabaa\logs,info.log,file,2026-04-24 17:48:21
customers\yhty-20260319\bb36615c-61ee-4d81-903d-47497d2fabaa\logs\error.log,customers\yhty-20260319\bb36615c-61ee-4d81-903d-47497d2fabaa\logs,error.log,file,2026-04-24 17:48:21
customers\yhty-20260319\bb36615c-61ee-4d81-903d-47497d2fabaa\logs\warning.log,customers\yhty-20260319\bb36615c-61ee-4d81-903d-47497d2fabaa\logs,warning.log,file,2026-04-24 17:48:21
customers\yhty-20260319\5fc4f458-3b94-48f7-8da9-0e7bde31c517\logs\info.log,customers\yhty-20260319\5fc4f458-3b94-48f7-8da9-0e7bde31c517\logs,info.log,file,2026-04-24 17:48:22
customers\yhty-20260319\5fc4f458-3b94-48f7-8da9-0e7bde31c517\logs\error.log,customers\yhty-20260319\5fc4f458-3b94-48f7-8da9-0e7bde31c517\logs,error.log,file,2026-04-24 17:48:22
customers\yhty-20260319\5fc4f458-3b94-48f7-8da9-0e7bde31c517\logs\warning.log,customers\yhty-20260319\5fc4f458-3b94-48f7-8da9-0e7bde31c517\logs,warning.log,file,2026-04-24 17:48:22
customers\yhty-20260319\1e03aeaa-dbca-4a1b-adbb-c496891b7159\logs\info.log,customers\yhty-20260319\1e03aeaa-dbca-4a1b-adbb-c496891b7159\logs,info.log,file,2026-04-24 17:48:22
customers\yhty-20260319\1e03aeaa-dbca-4a1b-adbb-c496891b7159\logs\error.log,customers\yhty-20260319\1e03aeaa-dbca-4a1b-adbb-c496891b7159\logs,error.log,file,2026-04-24 17:48:22
customers\yhty-20260319\1e03aeaa-dbca-4a1b-adbb-c496891b7159\logs\warning.log,customers\yhty-20260319\1e03aeaa-dbca-4a1b-adbb-c496891b7159\logs,warning.log,file,2026-04-24 17:48:22
customers\yhty-20260319\7047c7a8-bcf4-4e2c-9181-eab8bc636300\logs\info.log,customers\yhty-20260319\7047c7a8-bcf4-4e2c-9181-eab8bc636300\logs,info.log,file,2026-04-24 17:48:23
customers\yhty-20260319\7047c7a8-bcf4-4e2c-9181-eab8bc636300\logs\error.log,customers\yhty-20260319\7047c7a8-bcf4-4e2c-9181-eab8bc636300\logs,error.log,file,2026-04-24 17:48:23
customers\yhty-20260319\7047c7a8-bcf4-4e2c-9181-eab8bc636300\logs\warning.log,customers\yhty-20260319\7047c7a8-bcf4-4e2c-9181-eab8bc636300\logs,warning.log,file,2026-04-24 17:48:23
customers\yhty-20260319\d45e153a-de07-4b4a-82c2-63d131b134c7\logs\info.log,customers\yhty-20260319\d45e153a-de07-4b4a-82c2-63d131b134c7\logs,info.log,file,2026-04-24 17:48:24
customers\yhty-20260319\d45e153a-de07-4b4a-82c2-63d131b134c7\logs\error.log,customers\yhty-20260319\d45e153a-de07-4b4a-82c2-63d131b134c7\logs,error.log,file,2026-04-24 17:48:24
customers\yhty-20260319\d45e153a-de07-4b4a-82c2-63d131b134c7\logs\warning.log,customers\yhty-20260319\d45e153a-de07-4b4a-82c2-63d131b134c7\logs,warning.log,file,2026-04-24 17:48:24
customers\yhty-20260319\a0d49342-9105-435f-b71b-b69a5f211002\logs\info.log,customers\yhty-20260319\a0d49342-9105-435f-b71b-b69a5f211002\logs,info.log,file,2026-04-24 17:48:24
customers\yhty-20260319\a0d49342-9105-435f-b71b-b69a5f211002\logs\error.log,customers\yhty-20260319\a0d49342-9105-435f-b71b-b69a5f211002\logs,error.log,file,2026-04-24 17:48:24
customers\yhty-20260319\a0d49342-9105-435f-b71b-b69a5f211002\logs\warning.log,customers\yhty-20260319\a0d49342-9105-435f-b71b-b69a5f211002\logs,warning.log,file,2026-04-24 17:48:24
customers\yhty-20260319\53041e27-ecb4-4265-83c0-5ea4b7feedf5\logs\info.log,customers\yhty-20260319\53041e27-ecb4-4265-83c0-5ea4b7feedf5\logs,info.log,file,2026-04-24 17:48:25
customers\yhty-20260319\53041e27-ecb4-4265-83c0-5ea4b7feedf5\logs\error.log,customers\yhty-20260319\53041e27-ecb4-4265-83c0-5ea4b7feedf5\logs,error.log,file,2026-04-24 17:48:25
customers\yhty-20260319\53041e27-ecb4-4265-83c0-5ea4b7feedf5\logs\warning.log,customers\yhty-20260319\53041e27-ecb4-4265-83c0-5ea4b7feedf5\logs,warning.log,file,2026-04-24 17:48:25
customers\yhty-20260319\171b6e8e-13e8-412b-a1b1-30bb30513dac\logs\info.log,customers\yhty-20260319\171b6e8e-13e8-412b-a1b1-30bb30513dac\logs,info.log,file,2026-04-24 17:48:26
customers\yhty-20260319\171b6e8e-13e8-412b-a1b1-30bb30513dac\logs\error.log,customers\yhty-20260319\171b6e8e-13e8-412b-a1b1-30bb30513dac\logs,error.log,file,2026-04-24 17:48:26
customers\yhty-20260319\171b6e8e-13e8-412b-a1b1-30bb30513dac\logs\warning.log,customers\yhty-20260319\171b6e8e-13e8-412b-a1b1-30bb30513dac\logs,warning.log,file,2026-04-24 17:48:26
customers\yhty-20260319\909d40cf-b942-4b68-a5e0-8c640879aef1\logs\info.log,customers\yhty-20260319\909d40cf-b942-4b68-a5e0-8c640879aef1\logs,info.log,file,2026-04-24 17:48:26
customers\yhty-20260319\909d40cf-b942-4b68-a5e0-8c640879aef1\logs\error.log,customers\yhty-20260319\909d40cf-b942-4b68-a5e0-8c640879aef1\logs,error.log,file,2026-04-24 17:48:26
customers\yhty-20260319\909d40cf-b942-4b68-a5e0-8c640879aef1\logs\warning.log,customers\yhty-20260319\909d40cf-b942-4b68-a5e0-8c640879aef1\logs,warning.log,file,2026-04-24 17:48:26
customers\yhty-20260319\0ccecd4b-6cd4-43d1-a733-4905a233efec\logs\info.log,customers\yhty-20260319\0ccecd4b-6cd4-43d1-a733-4905a233efec\logs,info.log,file,2026-04-24 17:48:27
customers\yhty-20260319\0ccecd4b-6cd4-43d1-a733-4905a233efec\logs\error.log,customers\yhty-20260319\0ccecd4b-6cd4-43d1-a733-4905a233efec\logs,error.log,file,2026-04-24 17:48:27
customers\yhty-20260319\0ccecd4b-6cd4-43d1-a733-4905a233efec\logs\warning.log,customers\yhty-20260319\0ccecd4b-6cd4-43d1-a733-4905a233efec\logs,warning.log,file,2026-04-24 17:48:27
customers\yhty-20260319\fdfef69a-77a4-4a5d-b53a-469b684a620a\logs\info.log,customers\yhty-20260319\fdfef69a-77a4-4a5d-b53a-469b684a620a\logs,info.log,file,2026-04-24 17:48:28
customers\yhty-20260319\fdfef69a-77a4-4a5d-b53a-469b684a620a\logs\error.log,customers\yhty-20260319\fdfef69a-77a4-4a5d-b53a-469b684a620a\logs,error.log,file,2026-04-24 17:48:28
customers\yhty-20260319\fdfef69a-77a4-4a5d-b53a-469b684a620a\logs\warning.log,customers\yhty-20260319\fdfef69a-77a4-4a5d-b53a-469b684a620a\logs,warning.log,file,2026-04-24 17:48:28
customers\yhty-20260319\cb29faeb-5c34-4734-b819-b087b8ec6e4e\logs\info.log,customers\yhty-20260319\cb29faeb-5c34-4734-b819-b087b8ec6e4e\logs,info.log,file,2026-04-24 17:48:29
customers\yhty-20260319\cb29faeb-5c34-4734-b819-b087b8ec6e4e\logs\error.log,customers\yhty-20260319\cb29faeb-5c34-4734-b819-b087b8ec6e4e\logs,error.log,file,2026-04-24 17:48:29
customers\yhty-20260319\cb29faeb-5c34-4734-b819-b087b8ec6e4e\logs\warning.log,customers\yhty-20260319\cb29faeb-5c34-4734-b819-b087b8ec6e4e\logs,warning.log,file,2026-04-24 17:48:29
customers\yhty-20260319\92f1cddf-40cd-4284-8857-ea391b01cecc\logs\info.log,customers\yhty-20260319\92f1cddf-40cd-4284-8857-ea391b01cecc\logs,info.log,file,2026-04-24 17:48:29
customers\yhty-20260319\92f1cddf-40cd-4284-8857-ea391b01cecc\logs\error.log,customers\yhty-20260319\92f1cddf-40cd-4284-8857-ea391b01cecc\logs,error.log,file,2026-04-24 17:48:29
customers\yhty-20260319\92f1cddf-40cd-4284-8857-ea391b01cecc\logs\warning.log,customers\yhty-20260319\92f1cddf-40cd-4284-8857-ea391b01cecc\logs,warning.log,file,2026-04-24 17:48:29
customers\yhty-20260319\04262be6-aab9-4f50-a23c-d67e77792f7c\logs\info.log,customers\yhty-20260319\04262be6-aab9-4f50-a23c-d67e77792f7c\logs,info.log,file,2026-04-24 17:48:30
customers\yhty-20260319\04262be6-aab9-4f50-a23c-d67e77792f7c\logs\error.log,customers\yhty-20260319\04262be6-aab9-4f50-a23c-d67e77792f7c\logs,error.log,file,2026-04-24 17:48:30
customers\yhty-20260319\04262be6-aab9-4f50-a23c-d67e77792f7c\logs\warning.log,customers\yhty-20260319\04262be6-aab9-4f50-a23c-d67e77792f7c\logs,warning.log,file,2026-04-24 17:48:30
customers\yhty-20260319\d2e77434-d71c-42b2-b842-79d2eea22496\logs\info.log,customers\yhty-20260319\d2e77434-d71c-42b2-b842-79d2eea22496\logs,info.log,file,2026-04-24 17:48:31
customers\yhty-20260319\d2e77434-d71c-42b2-b842-79d2eea22496\logs\error.log,customers\yhty-20260319\d2e77434-d71c-42b2-b842-79d2eea22496\logs,error.log,file,2026-04-24 17:48:31
customers\yhty-20260319\d2e77434-d71c-42b2-b842-79d2eea22496\logs\warning.log,customers\yhty-20260319\d2e77434-d71c-42b2-b842-79d2eea22496\logs,warning.log,file,2026-04-24 17:48:31
customers\yhty-20260319\9f6bb405-5db5-4a53-9c00-41c8ef051d83\logs\info.log,customers\yhty-20260319\9f6bb405-5db5-4a53-9c00-41c8ef051d83\logs,info.log,file,2026-04-24 17:48:32
customers\yhty-20260319\9f6bb405-5db5-4a53-9c00-41c8ef051d83\logs\error.log,customers\yhty-20260319\9f6bb405-5db5-4a53-9c00-41c8ef051d83\logs,error.log,file,2026-04-24 17:48:32
customers\yhty-20260319\9f6bb405-5db5-4a53-9c00-41c8ef051d83\logs\warning.log,customers\yhty-20260319\9f6bb405-5db5-4a53-9c00-41c8ef051d83\logs,warning.log,file,2026-04-24 17:48:32
customers\yhty-20260319\390d08ad-92cd-43bf-9cd9-9842460f644d\logs\info.log,customers\yhty-20260319\390d08ad-92cd-43bf-9cd9-9842460f644d\logs,info.log,file,2026-04-24 17:48:32
customers\yhty-20260319\390d08ad-92cd-43bf-9cd9-9842460f644d\logs\error.log,customers\yhty-20260319\390d08ad-92cd-43bf-9cd9-9842460f644d\logs,error.log,file,2026-04-24 17:48:33
customers\yhty-20260319\390d08ad-92cd-43bf-9cd9-9842460f644d\logs\warning.log,customers\yhty-20260319\390d08ad-92cd-43bf-9cd9-9842460f644d\logs,warning.log,file,2026-04-24 17:48:33
customers\yhty-20260319\d4b6dbfb-ff4a-41c0-8909-27a630ffe990\logs\info.log,customers\yhty-20260319\d4b6dbfb-ff4a-41c0-8909-27a630ffe990\logs,info.log,file,2026-04-24 17:48:33
customers\yhty-20260319\d4b6dbfb-ff4a-41c0-8909-27a630ffe990\logs\warning.log,customers\yhty-20260319\d4b6dbfb-ff4a-41c0-8909-27a630ffe990\logs,warning.log,file,2026-04-24 17:48:33
customers\yhty-20260319\65c34552-39a3-4cfa-ba72-0984eaf256b9\logs\info.log,customers\yhty-20260319\65c34552-39a3-4cfa-ba72-0984eaf256b9\logs,info.log,file,2026-04-24 17:48:34
customers\yhty-20260319\65c34552-39a3-4cfa-ba72-0984eaf256b9\logs\warning.log,customers\yhty-20260319\65c34552-39a3-4cfa-ba72-0984eaf256b9\logs,warning.log,file,2026-04-24 17:48:34
customers\yhty-20260319\7386ae2a-eeb1-443e-b525-1d42e4ebc19f\logs\info.log,customers\yhty-20260319\7386ae2a-eeb1-443e-b525-1d42e4ebc19f\logs,info.log,file,2026-04-24 17:48:34
customers\yhty-20260319\7386ae2a-eeb1-443e-b525-1d42e4ebc19f\logs\warning.log,customers\yhty-20260319\7386ae2a-eeb1-443e-b525-1d42e4ebc19f\logs,warning.log,file,2026-04-24 17:48:35
customers\yhty-20260319\79147223-78c6-42bc-80d4-95d9d3a53370\logs\info.log,customers\yhty-20260319\79147223-78c6-42bc-80d4-95d9d3a53370\logs,info.log,file,2026-04-24 17:48:35
customers\yhty-20260319\79147223-78c6-42bc-80d4-95d9d3a53370\logs\warning.log,customers\yhty-20260319\79147223-78c6-42bc-80d4-95d9d3a53370\logs,warning.log,file,2026-04-24 17:48:35
customers\yhty-20260319\31e49947-5acd-417e-8c80-1748fa3a4d2f\logs\info.log,customers\yhty-20260319\31e49947-5acd-417e-8c80-1748fa3a4d2f\logs,info.log,file,2026-04-24 17:48:36
customers\yhty-20260319\31e49947-5acd-417e-8c80-1748fa3a4d2f\logs\warning.log,customers\yhty-20260319\31e49947-5acd-417e-8c80-1748fa3a4d2f\logs,warning.log,file,2026-04-24 17:48:36
customers\yhty-20260319\f5bd8ec0-268e-4636-a162-f5ba7597c2a8\logs\info.log,customers\yhty-20260319\f5bd8ec0-268e-4636-a162-f5ba7597c2a8\logs,info.log,file,2026-04-24 17:48:37
customers\yhty-20260319\f5bd8ec0-268e-4636-a162-f5ba7597c2a8\logs\warning.log,customers\yhty-20260319\f5bd8ec0-268e-4636-a162-f5ba7597c2a8\logs,warning.log,file,2026-04-24 17:48:37
customers\yhty-20260319\9f932a01-68fa-436c-9414-f72374e776d2\logs\info.log,customers\yhty-20260319\9f932a01-68fa-436c-9414-f72374e776d2\logs,info.log,file,2026-04-24 17:48:37
customers\yhty-20260319\9f932a01-68fa-436c-9414-f72374e776d2\logs\warning.log,customers\yhty-20260319\9f932a01-68fa-436c-9414-f72374e776d2\logs,warning.log,file,2026-04-24 17:48:37
customers\yhty-20260319\22a682d2-02f1-4f69-bd02-46841f8a3b28\logs\info.log,customers\yhty-20260319\22a682d2-02f1-4f69-bd02-46841f8a3b28\logs,info.log,file,2026-04-24 17:48:38
customers\yhty-20260319\22a682d2-02f1-4f69-bd02-46841f8a3b28\logs\warning.log,customers\yhty-20260319\22a682d2-02f1-4f69-bd02-46841f8a3b28\logs,warning.log,file,2026-04-24 17:48:38
customers\yhty-20260319\b2e98ebd-b5db-463d-8a7f-ab066863063b\logs\info.log,customers\yhty-20260319\b2e98ebd-b5db-463d-8a7f-ab066863063b\logs,info.log,file,2026-04-24 17:48:38
customers\yhty-20260319\b2e98ebd-b5db-463d-8a7f-ab066863063b\logs\warning.log,customers\yhty-20260319\b2e98ebd-b5db-463d-8a7f-ab066863063b\logs,warning.log,file,2026-04-24 17:48:38
customers\yhty-20260319\24081e47-a056-4c69-9a08-469bc52cd609\logs\info.log,customers\yhty-20260319\24081e47-a056-4c69-9a08-469bc52cd609\logs,info.log,file,2026-04-24 17:48:39
customers\yhty-20260319\24081e47-a056-4c69-9a08-469bc52cd609\logs\warning.log,customers\yhty-20260319\24081e47-a056-4c69-9a08-469bc52cd609\logs,warning.log,file,2026-04-24 17:48:39
customers\yhty-20260319\9d1343cc-b8de-4377-80d1-f60343df4ee3\logs\info.log,customers\yhty-20260319\9d1343cc-b8de-4377-80d1-f60343df4ee3\logs,info.log,file,2026-04-24 17:48:40
customers\yhty-20260319\9d1343cc-b8de-4377-80d1-f60343df4ee3\logs\warning.log,customers\yhty-20260319\9d1343cc-b8de-4377-80d1-f60343df4ee3\logs,warning.log,file,2026-04-24 17:48:40
customers\yhty-20260319\edb4e302-1ed1-44cf-8787-25fc273c7c17\logs\info.log,customers\yhty-20260319\edb4e302-1ed1-44cf-8787-25fc273c7c17\logs,info.log,file,2026-04-24 17:48:40
customers\yhty-20260319\edb4e302-1ed1-44cf-8787-25fc273c7c17\logs\warning.log,customers\yhty-20260319\edb4e302-1ed1-44cf-8787-25fc273c7c17\logs,warning.log,file,2026-04-24 17:48:40
customers\yhty-20260319\8a6f648b-285a-428a-951d-c90ef8ce7e47\logs\info.log,customers\yhty-20260319\8a6f648b-285a-428a-951d-c90ef8ce7e47\logs,info.log,file,2026-04-24 17:48:41
customers\yhty-20260319\8a6f648b-285a-428a-951d-c90ef8ce7e47\logs\warning.log,customers\yhty-20260319\8a6f648b-285a-428a-951d-c90ef8ce7e47\logs,warning.log,file,2026-04-24 17:48:41
customers\yhty-20260319\86e39f8c-ffa7-490e-b315-8c5549bb15a1\logs\info.log,customers\yhty-20260319\86e39f8c-ffa7-490e-b315-8c5549bb15a1\logs,info.log,file,2026-04-24 17:48:41
customers\yhty-20260319\86e39f8c-ffa7-490e-b315-8c5549bb15a1\logs\warning.log,customers\yhty-20260319\86e39f8c-ffa7-490e-b315-8c5549bb15a1\logs,warning.log,file,2026-04-24 17:48:41
customers\yhty-20260319\5f100ef6-1c3a-4861-801b-202a9d32239f\logs\info.log,customers\yhty-20260319\5f100ef6-1c3a-4861-801b-202a9d32239f\logs,info.log,file,2026-04-24 17:48:42
customers\yhty-20260319\5f100ef6-1c3a-4861-801b-202a9d32239f\logs\warning.log,customers\yhty-20260319\5f100ef6-1c3a-4861-801b-202a9d32239f\logs,warning.log,file,2026-04-24 17:48:42
customers\yhty-20260319\9a69126e-cb5d-4227-bbbc-508e9fd61d7a\logs\info.log,customers\yhty-20260319\9a69126e-cb5d-4227-bbbc-508e9fd61d7a\logs,info.log,file,2026-04-24 17:48:43
customers\yhty-20260319\9a69126e-cb5d-4227-bbbc-508e9fd61d7a\logs\warning.log,customers\yhty-20260319\9a69126e-cb5d-4227-bbbc-508e9fd61d7a\logs,warning.log,file,2026-04-24 17:48:43
customers\yhty-20260319\d4ba7774-3178-4507-a487-cfbe9905ff2c\logs\info.log,customers\yhty-20260319\d4ba7774-3178-4507-a487-cfbe9905ff2c\logs,info.log,file,2026-04-24 17:48:43
customers\yhty-20260319\d4ba7774-3178-4507-a487-cfbe9905ff2c\logs\warning.log,customers\yhty-20260319\d4ba7774-3178-4507-a487-cfbe9905ff2c\logs,warning.log,file,2026-04-24 17:48:43
customers\yhty-20260319\9214d5cf-b2b2-469c-900a-7cbc07361af0\logs\info.log,customers\yhty-20260319\9214d5cf-b2b2-469c-900a-7cbc07361af0\logs,info.log,file,2026-04-24 17:48:44
customers\yhty-20260319\9214d5cf-b2b2-469c-900a-7cbc07361af0\logs\warning.log,customers\yhty-20260319\9214d5cf-b2b2-469c-900a-7cbc07361af0\logs,warning.log,file,2026-04-24 17:48:44
customers\yhty-20260319\be7504f8-b474-4ab0-929d-0ad3753ccf0e\logs\info.log,customers\yhty-20260319\be7504f8-b474-4ab0-929d-0ad3753ccf0e\logs,info.log,file,2026-04-24 17:48:44
customers\yhty-20260319\be7504f8-b474-4ab0-929d-0ad3753ccf0e\logs\warning.log,customers\yhty-20260319\be7504f8-b474-4ab0-929d-0ad3753ccf0e\logs,warning.log,file,2026-04-24 17:48:44
customers\yhty-20260319\28d43825-9ac1-48af-bb0e-296d9e2ce22b\logs\info.log,customers\yhty-20260319\28d43825-9ac1-48af-bb0e-296d9e2ce22b\logs,info.log,file,2026-04-24 17:48:45
customers\yhty-20260319\28d43825-9ac1-48af-bb0e-296d9e2ce22b\logs\warning.log,customers\yhty-20260319\28d43825-9ac1-48af-bb0e-296d9e2ce22b\logs,warning.log,file,2026-04-24 17:48:45
customers\yhty-20260319\fb6efd0b-7454-4818-86e3-b7e83507910c\logs\info.log,customers\yhty-20260319\fb6efd0b-7454-4818-86e3-b7e83507910c\logs,info.log,file,2026-04-24 17:48:46
customers\yhty-20260319\fb6efd0b-7454-4818-86e3-b7e83507910c\logs\warning.log,customers\yhty-20260319\fb6efd0b-7454-4818-86e3-b7e83507910c\logs,warning.log,file,2026-04-24 17:48:46
customers\yhty-20260319\9ce24f47-52b6-4e77-a03f-489e6c66b196\logs\info.log,customers\yhty-20260319\9ce24f47-52b6-4e77-a03f-489e6c66b196\logs,info.log,file,2026-04-24 17:48:46
customers\yhty-20260319\9ce24f47-52b6-4e77-a03f-489e6c66b196\logs\warning.log,customers\yhty-20260319\9ce24f47-52b6-4e77-a03f-489e6c66b196\logs,warning.log,file,2026-04-24 17:48:46
customers\yhty-20260319\b3856885-4e6e-4533-848f-7c4a25d7bd53\logs\info.log,customers\yhty-20260319\b3856885-4e6e-4533-848f-7c4a25d7bd53\logs,info.log,file,2026-04-24 17:48:47
customers\yhty-20260319\b3856885-4e6e-4533-848f-7c4a25d7bd53\logs\warning.log,customers\yhty-20260319\b3856885-4e6e-4533-848f-7c4a25d7bd53\logs,warning.log,file,2026-04-24 17:48:47
customers\yhty-20260319\4c5a5d6b-4825-4c81-a443-e220c80ca1ee\logs\info.log,customers\yhty-20260319\4c5a5d6b-4825-4c81-a443-e220c80ca1ee\logs,info.log,file,2026-04-24 17:48:47
customers\yhty-20260319\4c5a5d6b-4825-4c81-a443-e220c80ca1ee\logs\warning.log,customers\yhty-20260319\4c5a5d6b-4825-4c81-a443-e220c80ca1ee\logs,warning.log,file,2026-04-24 17:48:47
customers\yhty-20260319\8337928d-a99e-4211-b52f-841150ec3a51\logs\info.log,customers\yhty-20260319\8337928d-a99e-4211-b52f-841150ec3a51\logs,info.log,file,2026-04-24 17:48:48
customers\yhty-20260319\8337928d-a99e-4211-b52f-841150ec3a51\logs\warning.log,customers\yhty-20260319\8337928d-a99e-4211-b52f-841150ec3a51\logs,warning.log,file,2026-04-24 17:48:48
customers\yhty-20260319\855b7698-576b-43d9-827e-de13530cf201\logs\info.log,customers\yhty-20260319\855b7698-576b-43d9-827e-de13530cf201\logs,info.log,file,2026-04-24 17:48:49
customers\yhty-20260319\855b7698-576b-43d9-827e-de13530cf201\logs\warning.log,customers\yhty-20260319\855b7698-576b-43d9-827e-de13530cf201\logs,warning.log,file,2026-04-24 17:48:49
customers\yhty-20260319\5802c1d7-9d74-4d3e-b0ab-d3b2f7d0e301\logs\info.log,customers\yhty-20260319\5802c1d7-9d74-4d3e-b0ab-d3b2f7d0e301\logs,info.log,file,2026-04-24 17:48:49
customers\yhty-20260319\5802c1d7-9d74-4d3e-b0ab-d3b2f7d0e301\logs\warning.log,customers\yhty-20260319\5802c1d7-9d74-4d3e-b0ab-d3b2f7d0e301\logs,warning.log,file,2026-04-24 17:48:49
customers\yhty-20260319\edf4b07b-1784-4e74-b867-bda55f15c752\logs\info.log,customers\yhty-20260319\edf4b07b-1784-4e74-b867-bda55f15c752\logs,info.log,file,2026-04-24 17:48:50
customers\yhty-20260319\edf4b07b-1784-4e74-b867-bda55f15c752\logs\warning.log,customers\yhty-20260319\edf4b07b-1784-4e74-b867-bda55f15c752\logs,warning.log,file,2026-04-24 17:48:50
customers\yhty-20260319\93f4a97d-f986-483c-b040-1301f2e2d03a\logs\info.log,customers\yhty-20260319\93f4a97d-f986-483c-b040-1301f2e2d03a\logs,info.log,file,2026-04-24 17:48:51
customers\yhty-20260319\93f4a97d-f986-483c-b040-1301f2e2d03a\logs\warning.log,customers\yhty-20260319\93f4a97d-f986-483c-b040-1301f2e2d03a\logs,warning.log,file,2026-04-24 17:48:51
customers\yhty-20260319\19706e39-75d7-455d-bc13-394a2b7566ae\logs\info.log,customers\yhty-20260319\19706e39-75d7-455d-bc13-394a2b7566ae\logs,info.log,file,2026-04-24 17:48:51
customers\yhty-20260319\19706e39-75d7-455d-bc13-394a2b7566ae\logs\warning.log,customers\yhty-20260319\19706e39-75d7-455d-bc13-394a2b7566ae\logs,warning.log,file,2026-04-24 17:48:51
customers\yhty-20260319\30ae70ec-9dad-42fd-b246-ca8db787ee0f\logs\info.log,customers\yhty-20260319\30ae70ec-9dad-42fd-b246-ca8db787ee0f\logs,info.log,file,2026-04-24 17:48:52
customers\yhty-20260319\30ae70ec-9dad-42fd-b246-ca8db787ee0f\logs\warning.log,customers\yhty-20260319\30ae70ec-9dad-42fd-b246-ca8db787ee0f\logs,warning.log,file,2026-04-24 17:48:52
customers\yhty-20260319\2f4f5684-7dca-4145-9cde-045579b176d4\logs\info.log,customers\yhty-20260319\2f4f5684-7dca-4145-9cde-045579b176d4\logs,info.log,file,2026-04-24 17:48:52
customers\yhty-20260319\2f4f5684-7dca-4145-9cde-045579b176d4\logs\warning.log,customers\yhty-20260319\2f4f5684-7dca-4145-9cde-045579b176d4\logs,warning.log,file,2026-04-24 17:48:52
customers\yhty-20260319\a3d1883b-264c-4701-a012-ac129d1675d7\logs\info.log,customers\yhty-20260319\a3d1883b-264c-4701-a012-ac129d1675d7\logs,info.log,file,2026-04-24 17:48:53
customers\yhty-20260319\a3d1883b-264c-4701-a012-ac129d1675d7\logs\warning.log,customers\yhty-20260319\a3d1883b-264c-4701-a012-ac129d1675d7\logs,warning.log,file,2026-04-24 17:48:53
customers\yhty-20260319\a5d5d4bb-9a6a-4f50-98bf-3351afdf58f9\logs\info.log,customers\yhty-20260319\a5d5d4bb-9a6a-4f50-98bf-3351afdf58f9\logs,info.log,file,2026-04-24 17:48:54
customers\yhty-20260319\a5d5d4bb-9a6a-4f50-98bf-3351afdf58f9\logs\warning.log,customers\yhty-20260319\a5d5d4bb-9a6a-4f50-98bf-3351afdf58f9\logs,warning.log,file,2026-04-24 17:48:54
customers\yhty-20260319\13a75a5c-f8e8-45ce-b8e7-b7e9bf9f811f\logs\info.log,customers\yhty-20260319\13a75a5c-f8e8-45ce-b8e7-b7e9bf9f811f\logs,info.log,file,2026-04-24 17:48:54
customers\yhty-20260319\13a75a5c-f8e8-45ce-b8e7-b7e9bf9f811f\logs\warning.log,customers\yhty-20260319\13a75a5c-f8e8-45ce-b8e7-b7e9bf9f811f\logs,warning.log,file,2026-04-24 17:48:54
customers\yhty-20260319\9660ae6b-ee00-4d5e-be80-b18d9e41ed54\logs\info.log,customers\yhty-20260319\9660ae6b-ee00-4d5e-be80-b18d9e41ed54\logs,info.log,file,2026-04-24 17:48:55
customers\yhty-20260319\9660ae6b-ee00-4d5e-be80-b18d9e41ed54\logs\warning.log,customers\yhty-20260319\9660ae6b-ee00-4d5e-be80-b18d9e41ed54\logs,warning.log,file,2026-04-24 17:48:55
customers\yhty-20260319\9147e83f-d2b4-4117-899b-ebcf863e7562\logs\info.log,customers\yhty-20260319\9147e83f-d2b4-4117-899b-ebcf863e7562\logs,info.log,file,2026-04-24 17:48:56
customers\yhty-20260319\9147e83f-d2b4-4117-899b-ebcf863e7562\logs\warning.log,customers\yhty-20260319\9147e83f-d2b4-4117-899b-ebcf863e7562\logs,warning.log,file,2026-04-24 17:48:56
customers\yhty-20260319\189ae7e6-b4a6-4081-b316-c0f1f995e245\logs\info.log,customers\yhty-20260319\189ae7e6-b4a6-4081-b316-c0f1f995e245\logs,info.log,file,2026-04-24 17:48:56
customers\yhty-20260319\189ae7e6-b4a6-4081-b316-c0f1f995e245\logs\warning.log,customers\yhty-20260319\189ae7e6-b4a6-4081-b316-c0f1f995e245\logs,warning.log,file,2026-04-24 17:48:56
customers\yhty-20260319\266b850f-1d08-4abf-a16a-42dcba06b345\logs\info.log,customers\yhty-20260319\266b850f-1d08-4abf-a16a-42dcba06b345\logs,info.log,file,2026-04-24 17:48:57
customers\yhty-20260319\266b850f-1d08-4abf-a16a-42dcba06b345\logs\warning.log,customers\yhty-20260319\266b850f-1d08-4abf-a16a-42dcba06b345\logs,warning.log,file,2026-04-24 17:48:57
customers\yhty-20260319\e40f2f7f-1f1a-498a-a0b9-67733addafce\logs\info.log,customers\yhty-20260319\e40f2f7f-1f1a-498a-a0b9-67733addafce\logs,info.log,file,2026-04-24 17:48:57
customers\yhty-20260319\e40f2f7f-1f1a-498a-a0b9-67733addafce\logs\warning.log,customers\yhty-20260319\e40f2f7f-1f1a-498a-a0b9-67733addafce\logs,warning.log,file,2026-04-24 17:48:57
customers\yhty-20260319\66dec9f7-bec4-4bef-a5f5-e76b3ef6a9c9\logs\info.log,customers\yhty-20260319\66dec9f7-bec4-4bef-a5f5-e76b3ef6a9c9\logs,info.log,file,2026-04-24 17:48:58
customers\yhty-20260319\66dec9f7-bec4-4bef-a5f5-e76b3ef6a9c9\logs\warning.log,customers\yhty-20260319\66dec9f7-bec4-4bef-a5f5-e76b3ef6a9c9\logs,warning.log,file,2026-04-24 17:48:58
customers\yhty-20260319\98595696-d36b-4e34-929f-8517068709ae\logs\info.log,customers\yhty-20260319\98595696-d36b-4e34-929f-8517068709ae\logs,info.log,file,2026-04-24 17:48:59
customers\yhty-20260319\98595696-d36b-4e34-929f-8517068709ae\logs\warning.log,customers\yhty-20260319\98595696-d36b-4e34-929f-8517068709ae\logs,warning.log,file,2026-04-24 17:48:59
customers\yhty-20260319\457fdb84-e951-4095-b7e0-a232a6400699\logs\info.log,customers\yhty-20260319\457fdb84-e951-4095-b7e0-a232a6400699\logs,info.log,file,2026-04-24 17:48:59
customers\yhty-20260319\457fdb84-e951-4095-b7e0-a232a6400699\logs\warning.log,customers\yhty-20260319\457fdb84-e951-4095-b7e0-a232a6400699\logs,warning.log,file,2026-04-24 17:48:59
customers\yhty-20260319\b8e0d921-71d1-4ff6-b18b-ca66539d7f6a\logs\info.log,customers\yhty-20260319\b8e0d921-71d1-4ff6-b18b-ca66539d7f6a\logs,info.log,file,2026-04-24 17:49:00
customers\yhty-20260319\b8e0d921-71d1-4ff6-b18b-ca66539d7f6a\logs\warning.log,customers\yhty-20260319\b8e0d921-71d1-4ff6-b18b-ca66539d7f6a\logs,warning.log,file,2026-04-24 17:49:00
customers\yhty-20260319\2e261458-6c8c-49c4-95f8-609c65cd9f06\logs\info.log,customers\yhty-20260319\2e261458-6c8c-49c4-95f8-609c65cd9f06\logs,info.log,file,2026-04-24 17:49:00
customers\yhty-20260319\2e261458-6c8c-49c4-95f8-609c65cd9f06\logs\warning.log,customers\yhty-20260319\2e261458-6c8c-49c4-95f8-609c65cd9f06\logs,warning.log,file,2026-04-24 17:49:00
customers\yhty-20260319\bb2a1c99-e1fb-4d62-b42f-3c44b41f84a0\logs\info.log,customers\yhty-20260319\bb2a1c99-e1fb-4d62-b42f-3c44b41f84a0\logs,info.log,file,2026-04-24 17:49:01
customers\yhty-20260319\bb2a1c99-e1fb-4d62-b42f-3c44b41f84a0\logs\warning.log,customers\yhty-20260319\bb2a1c99-e1fb-4d62-b42f-3c44b41f84a0\logs,warning.log,file,2026-04-24 17:49:01
customers\yhty-20260319\5d90efd7-deda-41ca-8f9c-b925328e23cd\logs\info.log,customers\yhty-20260319\5d90efd7-deda-41ca-8f9c-b925328e23cd\logs,info.log,file,2026-04-24 17:49:01
customers\yhty-20260319\5d90efd7-deda-41ca-8f9c-b925328e23cd\logs\warning.log,customers\yhty-20260319\5d90efd7-deda-41ca-8f9c-b925328e23cd\logs,warning.log,file,2026-04-24 17:49:01
customers\yhty-20260319\e18056ac-66e8-49d1-8fef-d3210c1a8bc5\logs\info.log,customers\yhty-20260319\e18056ac-66e8-49d1-8fef-d3210c1a8bc5\logs,info.log,file,2026-04-24 17:49:02
customers\yhty-20260319\e18056ac-66e8-49d1-8fef-d3210c1a8bc5\logs\warning.log,customers\yhty-20260319\e18056ac-66e8-49d1-8fef-d3210c1a8bc5\logs,warning.log,file,2026-04-24 17:49:02
customers\yhty-20260319\f5af2b40-9b4f-429e-a65c-fb3a859a2f81\logs\info.log,customers\yhty-20260319\f5af2b40-9b4f-429e-a65c-fb3a859a2f81\logs,info.log,file,2026-04-24 17:49:03
customers\yhty-20260319\f5af2b40-9b4f-429e-a65c-fb3a859a2f81\logs\warning.log,customers\yhty-20260319\f5af2b40-9b4f-429e-a65c-fb3a859a2f81\logs,warning.log,file,2026-04-24 17:49:03
customers\yhty-20260319\3ffbaff7-5da7-425e-80ce-9d4b0a5f9de9\logs\info.log,customers\yhty-20260319\3ffbaff7-5da7-425e-80ce-9d4b0a5f9de9\logs,info.log,file,2026-04-24 17:49:03
customers\yhty-20260319\3ffbaff7-5da7-425e-80ce-9d4b0a5f9de9\logs\warning.log,customers\yhty-20260319\3ffbaff7-5da7-425e-80ce-9d4b0a5f9de9\logs,warning.log,file,2026-04-24 17:49:03
customers\yhty-20260319\ae16d874-84f2-4283-a679-d5015468dad0\logs\info.log,customers\yhty-20260319\ae16d874-84f2-4283-a679-d5015468dad0\logs,info.log,file,2026-04-24 17:49:04
customers\yhty-20260319\ae16d874-84f2-4283-a679-d5015468dad0\logs\warning.log,customers\yhty-20260319\ae16d874-84f2-4283-a679-d5015468dad0\logs,warning.log,file,2026-04-24 17:49:04
customers\yhty-20260319\170868bd-77b4-4e0f-bcd1-5d04bebdbf2f\logs\info.log,customers\yhty-20260319\170868bd-77b4-4e0f-bcd1-5d04bebdbf2f\logs,info.log,file,2026-04-24 17:49:05
customers\yhty-20260319\170868bd-77b4-4e0f-bcd1-5d04bebdbf2f\logs\warning.log,customers\yhty-20260319\170868bd-77b4-4e0f-bcd1-5d04bebdbf2f\logs,warning.log,file,2026-04-24 17:49:05
customers\yhty-20260319\04a393a7-53a0-4aad-b167-dda0f8063458\logs\info.log,customers\yhty-20260319\04a393a7-53a0-4aad-b167-dda0f8063458\logs,info.log,file,2026-04-24 17:49:05
customers\yhty-20260319\04a393a7-53a0-4aad-b167-dda0f8063458\logs\warning.log,customers\yhty-20260319\04a393a7-53a0-4aad-b167-dda0f8063458\logs,warning.log,file,2026-04-24 17:49:05
customers\yhty-20260319\e3c8610a-ee16-44d5-8768-c6c149c539be\logs\info.log,customers\yhty-20260319\e3c8610a-ee16-44d5-8768-c6c149c539be\logs,info.log,file,2026-04-24 17:49:06
customers\yhty-20260319\e3c8610a-ee16-44d5-8768-c6c149c539be\logs\warning.log,customers\yhty-20260319\e3c8610a-ee16-44d5-8768-c6c149c539be\logs,warning.log,file,2026-04-24 17:49:06
customers\yhty-20260319\41232004-f83f-4876-98aa-2448debb2c68\logs\info.log,customers\yhty-20260319\41232004-f83f-4876-98aa-2448debb2c68\logs,info.log,file,2026-04-24 17:49:07
customers\yhty-20260319\41232004-f83f-4876-98aa-2448debb2c68\logs\warning.log,customers\yhty-20260319\41232004-f83f-4876-98aa-2448debb2c68\logs,warning.log,file,2026-04-24 17:49:07
customers\yhty-20260319\93e7ebcb-f018-415f-9b76-41af6f88e29b\logs\info.log,customers\yhty-20260319\93e7ebcb-f018-415f-9b76-41af6f88e29b\logs,info.log,file,2026-04-24 17:49:07
customers\yhty-20260319\93e7ebcb-f018-415f-9b76-41af6f88e29b\logs\warning.log,customers\yhty-20260319\93e7ebcb-f018-415f-9b76-41af6f88e29b\logs,warning.log,file,2026-04-24 17:49:07
customers\yhty-20260319\17f45f65-c678-424d-8a96-14e1ea45d9d9\logs\info.log,customers\yhty-20260319\17f45f65-c678-424d-8a96-14e1ea45d9d9\logs,info.log,file,2026-04-24 17:49:08
customers\yhty-20260319\17f45f65-c678-424d-8a96-14e1ea45d9d9\logs\warning.log,customers\yhty-20260319\17f45f65-c678-424d-8a96-14e1ea45d9d9\logs,warning.log,file,2026-04-24 17:49:08
customers\yhty-20260319\2d14ead6-b499-47e3-b4d5-6f70fb94d9f5\logs\info.log,customers\yhty-20260319\2d14ead6-b499-47e3-b4d5-6f70fb94d9f5\logs,info.log,file,2026-04-24 17:49:09
customers\yhty-20260319\2d14ead6-b499-47e3-b4d5-6f70fb94d9f5\logs\warning.log,customers\yhty-20260319\2d14ead6-b499-47e3-b4d5-6f70fb94d9f5\logs,warning.log,file,2026-04-24 17:49:09
customers\yhty-20260319\e6e750b1-12bf-4e7d-909e-dc9a3fdc7da9\logs\info.log,customers\yhty-20260319\e6e750b1-12bf-4e7d-909e-dc9a3fdc7da9\logs,info.log,file,2026-04-24 17:49:09
customers\yhty-20260319\e6e750b1-12bf-4e7d-909e-dc9a3fdc7da9\logs\warning.log,customers\yhty-20260319\e6e750b1-12bf-4e7d-909e-dc9a3fdc7da9\logs,warning.log,file,2026-04-24 17:49:09
customers\yhty-20260319\ac684424-723c-45c4-8cd1-5f93b3da31aa\logs\info.log,customers\yhty-20260319\ac684424-723c-45c4-8cd1-5f93b3da31aa\logs,info.log,file,2026-04-24 17:49:10
customers\yhty-20260319\ac684424-723c-45c4-8cd1-5f93b3da31aa\logs\warning.log,customers\yhty-20260319\ac684424-723c-45c4-8cd1-5f93b3da31aa\logs,warning.log,file,2026-04-24 17:49:10
customers\yhty-20260319\663cb046-832d-4b59-b551-586ab95abdae\logs\info.log,customers\yhty-20260319\663cb046-832d-4b59-b551-586ab95abdae\logs,info.log,file,2026-04-24 17:49:11
customers\yhty-20260319\663cb046-832d-4b59-b551-586ab95abdae\logs\error.log,customers\yhty-20260319\663cb046-832d-4b59-b551-586ab95abdae\logs,error.log,file,2026-04-24 17:49:11
customers\yhty-20260319\663cb046-832d-4b59-b551-586ab95abdae\logs\warning.log,customers\yhty-20260319\663cb046-832d-4b59-b551-586ab95abdae\logs,warning.log,file,2026-04-24 17:49:11
customers\yhty-20260319\5ab94c20-31f4-4c0c-944c-38b31a6574b5\logs\info.log,customers\yhty-20260319\5ab94c20-31f4-4c0c-944c-38b31a6574b5\logs,info.log,file,2026-04-24 17:49:11
customers\yhty-20260319\5ab94c20-31f4-4c0c-944c-38b31a6574b5\logs\error.log,customers\yhty-20260319\5ab94c20-31f4-4c0c-944c-38b31a6574b5\logs,error.log,file,2026-04-24 17:49:11
customers\yhty-20260319\5ab94c20-31f4-4c0c-944c-38b31a6574b5\logs\warning.log,customers\yhty-20260319\5ab94c20-31f4-4c0c-944c-38b31a6574b5\logs,warning.log,file,2026-04-24 17:49:11
customers\yhty-20260319\af950769-7912-4c49-b7dd-1810c2f49d49\logs\info.log,customers\yhty-20260319\af950769-7912-4c49-b7dd-1810c2f49d49\logs,info.log,file,2026-04-24 17:49:12
customers\yhty-20260319\af950769-7912-4c49-b7dd-1810c2f49d49\logs\error.log,customers\yhty-20260319\af950769-7912-4c49-b7dd-1810c2f49d49\logs,error.log,file,2026-04-24 17:49:12
customers\yhty-20260319\af950769-7912-4c49-b7dd-1810c2f49d49\logs\warning.log,customers\yhty-20260319\af950769-7912-4c49-b7dd-1810c2f49d49\logs,warning.log,file,2026-04-24 17:49:12
customers\yhty-20260319\6d4a8bd2-955f-4860-95c9-fbeaf3cbf84c\logs\info.log,customers\yhty-20260319\6d4a8bd2-955f-4860-95c9-fbeaf3cbf84c\logs,info.log,file,2026-04-24 17:49:13
customers\yhty-20260319\6d4a8bd2-955f-4860-95c9-fbeaf3cbf84c\logs\error.log,customers\yhty-20260319\6d4a8bd2-955f-4860-95c9-fbeaf3cbf84c\logs,error.log,file,2026-04-24 17:49:13
customers\yhty-20260319\6d4a8bd2-955f-4860-95c9-fbeaf3cbf84c\logs\warning.log,customers\yhty-20260319\6d4a8bd2-955f-4860-95c9-fbeaf3cbf84c\logs,warning.log,file,2026-04-24 17:49:13
customers\yhty-20260319\991d3b0e-c146-4ab1-9a51-41d98f328813\logs\info.log,customers\yhty-20260319\991d3b0e-c146-4ab1-9a51-41d98f328813\logs,info.log,file,2026-04-24 17:49:13
customers\yhty-20260319\991d3b0e-c146-4ab1-9a51-41d98f328813\logs\error.log,customers\yhty-20260319\991d3b0e-c146-4ab1-9a51-41d98f328813\logs,error.log,file,2026-04-24 17:49:13
customers\yhty-20260319\991d3b0e-c146-4ab1-9a51-41d98f328813\logs\warning.log,customers\yhty-20260319\991d3b0e-c146-4ab1-9a51-41d98f328813\logs,warning.log,file,2026-04-24 17:49:13
customers\yhty-20260319\4e51fb5c-d691-4f2f-9c96-b244ced823da\logs\info.log,customers\yhty-20260319\4e51fb5c-d691-4f2f-9c96-b244ced823da\logs,info.log,file,2026-04-24 17:49:14
customers\yhty-20260319\4e51fb5c-d691-4f2f-9c96-b244ced823da\logs\error.log,customers\yhty-20260319\4e51fb5c-d691-4f2f-9c96-b244ced823da\logs,error.log,file,2026-04-24 17:49:14
customers\yhty-20260319\4e51fb5c-d691-4f2f-9c96-b244ced823da\logs\warning.log,customers\yhty-20260319\4e51fb5c-d691-4f2f-9c96-b244ced823da\logs,warning.log,file,2026-04-24 17:49:14
customers\yhty-20260319\4c8c3b11-98d6-4c20-addb-62095a516b37\logs\info.log,customers\yhty-20260319\4c8c3b11-98d6-4c20-addb-62095a516b37\logs,info.log,file,2026-04-24 17:49:15
customers\yhty-20260319\4c8c3b11-98d6-4c20-addb-62095a516b37\logs\error.log,customers\yhty-20260319\4c8c3b11-98d6-4c20-addb-62095a516b37\logs,error.log,file,2026-04-24 17:49:15
customers\yhty-20260319\4c8c3b11-98d6-4c20-addb-62095a516b37\logs\warning.log,customers\yhty-20260319\4c8c3b11-98d6-4c20-addb-62095a516b37\logs,warning.log,file,2026-04-24 17:49:15
customers\yhty-20260319\25b6816c-9f0c-46ed-afe5-9bf48a8f1739\logs\info.log,customers\yhty-20260319\25b6816c-9f0c-46ed-afe5-9bf48a8f1739\logs,info.log,file,2026-04-24 17:49:15
customers\yhty-20260319\25b6816c-9f0c-46ed-afe5-9bf48a8f1739\logs\error.log,customers\yhty-20260319\25b6816c-9f0c-46ed-afe5-9bf48a8f1739\logs,error.log,file,2026-04-24 17:49:15
customers\yhty-20260319\25b6816c-9f0c-46ed-afe5-9bf48a8f1739\logs\warning.log,customers\yhty-20260319\25b6816c-9f0c-46ed-afe5-9bf48a8f1739\logs,warning.log,file,2026-04-24 17:49:15
customers\yhty-20260319\1e083d1f-f822-464a-b6f3-97ae1175c856\logs\info.log,customers\yhty-20260319\1e083d1f-f822-464a-b6f3-97ae1175c856\logs,info.log,file,2026-04-24 17:49:16
customers\yhty-20260319\1e083d1f-f822-464a-b6f3-97ae1175c856\logs\error.log,customers\yhty-20260319\1e083d1f-f822-464a-b6f3-97ae1175c856\logs,error.log,file,2026-04-24 17:49:16
customers\yhty-20260319\1e083d1f-f822-464a-b6f3-97ae1175c856\logs\warning.log,customers\yhty-20260319\1e083d1f-f822-464a-b6f3-97ae1175c856\logs,warning.log,file,2026-04-24 17:49:16
customers\yhty-20260319\4f6060fe-b7cc-4f32-bd6c-57dc7db04a46\logs\info.log,customers\yhty-20260319\4f6060fe-b7cc-4f32-bd6c-57dc7db04a46\logs,info.log,file,2026-04-24 17:49:17
customers\yhty-20260319\4f6060fe-b7cc-4f32-bd6c-57dc7db04a46\logs\error.log,customers\yhty-20260319\4f6060fe-b7cc-4f32-bd6c-57dc7db04a46\logs,error.log,file,2026-04-24 17:49:17
customers\yhty-20260319\4f6060fe-b7cc-4f32-bd6c-57dc7db04a46\logs\warning.log,customers\yhty-20260319\4f6060fe-b7cc-4f32-bd6c-57dc7db04a46\logs,warning.log,file,2026-04-24 17:49:17
customers\yhty-20260319\06508ef5-ede3-4cb2-be1e-9a7d3f1d2e48\logs\info.log,customers\yhty-20260319\06508ef5-ede3-4cb2-be1e-9a7d3f1d2e48\logs,info.log,file,2026-04-24 17:49:17
customers\yhty-20260319\06508ef5-ede3-4cb2-be1e-9a7d3f1d2e48\logs\error.log,customers\yhty-20260319\06508ef5-ede3-4cb2-be1e-9a7d3f1d2e48\logs,error.log,file,2026-04-24 17:49:17
customers\yhty-20260319\06508ef5-ede3-4cb2-be1e-9a7d3f1d2e48\logs\warning.log,customers\yhty-20260319\06508ef5-ede3-4cb2-be1e-9a7d3f1d2e48\logs,warning.log,file,2026-04-24 17:49:17
customers\yhty-20260319\f78c283f-d8fe-4058-bb5d-891add76bfa6\logs\info.log,customers\yhty-20260319\f78c283f-d8fe-4058-bb5d-891add76bfa6\logs,info.log,file,2026-04-24 17:49:18
customers\yhty-20260319\f78c283f-d8fe-4058-bb5d-891add76bfa6\logs\error.log,customers\yhty-20260319\f78c283f-d8fe-4058-bb5d-891add76bfa6\logs,error.log,file,2026-04-24 17:49:18
customers\yhty-20260319\f78c283f-d8fe-4058-bb5d-891add76bfa6\logs\warning.log,customers\yhty-20260319\f78c283f-d8fe-4058-bb5d-891add76bfa6\logs,warning.log,file,2026-04-24 17:49:18
customers\yhty-20260319\d20dd545-0ce9-4609-9462-7061bcfe928d\logs\info.log,customers\yhty-20260319\d20dd545-0ce9-4609-9462-7061bcfe928d\logs,info.log,file,2026-04-24 17:49:19
customers\yhty-20260319\d20dd545-0ce9-4609-9462-7061bcfe928d\logs\error.log,customers\yhty-20260319\d20dd545-0ce9-4609-9462-7061bcfe928d\logs,error.log,file,2026-04-24 17:49:19
customers\yhty-20260319\d20dd545-0ce9-4609-9462-7061bcfe928d\logs\warning.log,customers\yhty-20260319\d20dd545-0ce9-4609-9462-7061bcfe928d\logs,warning.log,file,2026-04-24 17:49:19
customers\yhty-20260319\ec895f67-b171-4476-8048-4c082d473134\logs\info.log,customers\yhty-20260319\ec895f67-b171-4476-8048-4c082d473134\logs,info.log,file,2026-04-24 17:49:19
customers\yhty-20260319\ec895f67-b171-4476-8048-4c082d473134\logs\error.log,customers\yhty-20260319\ec895f67-b171-4476-8048-4c082d473134\logs,error.log,file,2026-04-24 17:49:19
customers\yhty-20260319\ec895f67-b171-4476-8048-4c082d473134\logs\warning.log,customers\yhty-20260319\ec895f67-b171-4476-8048-4c082d473134\logs,warning.log,file,2026-04-24 17:49:19
customers\yhty-20260319\3a4fe73f-20ac-4b65-beb8-eda372108725\logs\info.log,customers\yhty-20260319\3a4fe73f-20ac-4b65-beb8-eda372108725\logs,info.log,file,2026-04-24 17:49:20
customers\yhty-20260319\3a4fe73f-20ac-4b65-beb8-eda372108725\logs\error.log,customers\yhty-20260319\3a4fe73f-20ac-4b65-beb8-eda372108725\logs,error.log,file,2026-04-24 17:49:20
customers\yhty-20260319\3a4fe73f-20ac-4b65-beb8-eda372108725\logs\warning.log,customers\yhty-20260319\3a4fe73f-20ac-4b65-beb8-eda372108725\logs,warning.log,file,2026-04-24 17:49:20
customers\yhty-20260319\afcac58d-b559-4de4-81e3-a467b4a0f9a2\logs\info.log,customers\yhty-20260319\afcac58d-b559-4de4-81e3-a467b4a0f9a2\logs,info.log,file,2026-04-24 17:49:21
customers\yhty-20260319\afcac58d-b559-4de4-81e3-a467b4a0f9a2\logs\error.log,customers\yhty-20260319\afcac58d-b559-4de4-81e3-a467b4a0f9a2\logs,error.log,file,2026-04-24 17:49:21
customers\yhty-20260319\afcac58d-b559-4de4-81e3-a467b4a0f9a2\logs\warning.log,customers\yhty-20260319\afcac58d-b559-4de4-81e3-a467b4a0f9a2\logs,warning.log,file,2026-04-24 17:49:21
customers\yhty-20260319\f06ea679-2399-4fa5-98df-5b42b3bdda60\logs\info.log,customers\yhty-20260319\f06ea679-2399-4fa5-98df-5b42b3bdda60\logs,info.log,file,2026-04-24 17:49:22
customers\yhty-20260319\f06ea679-2399-4fa5-98df-5b42b3bdda60\logs\error.log,customers\yhty-20260319\f06ea679-2399-4fa5-98df-5b42b3bdda60\logs,error.log,file,2026-04-24 17:49:22
customers\yhty-20260319\f06ea679-2399-4fa5-98df-5b42b3bdda60\logs\warning.log,customers\yhty-20260319\f06ea679-2399-4fa5-98df-5b42b3bdda60\logs,warning.log,file,2026-04-24 17:49:22
customers\yhty-20260319\d9d2dd82-d447-4bf6-b602-9b9a9ea0aa84\logs\info.log,customers\yhty-20260319\d9d2dd82-d447-4bf6-b602-9b9a9ea0aa84\logs,info.log,file,2026-04-24 17:49:22
customers\yhty-20260319\d9d2dd82-d447-4bf6-b602-9b9a9ea0aa84\logs\error.log,customers\yhty-20260319\d9d2dd82-d447-4bf6-b602-9b9a9ea0aa84\logs,error.log,file,2026-04-24 17:49:22
customers\yhty-20260319\d9d2dd82-d447-4bf6-b602-9b9a9ea0aa84\logs\warning.log,customers\yhty-20260319\d9d2dd82-d447-4bf6-b602-9b9a9ea0aa84\logs,warning.log,file,2026-04-24 17:49:22
customers\yhty-20260319\e5e05386-a585-445a-9c82-517576f5389b\logs\info.log,customers\yhty-20260319\e5e05386-a585-445a-9c82-517576f5389b\logs,info.log,file,2026-04-24 17:49:23
customers\yhty-20260319\e5e05386-a585-445a-9c82-517576f5389b\logs\error.log,customers\yhty-20260319\e5e05386-a585-445a-9c82-517576f5389b\logs,error.log,file,2026-04-24 17:49:23
customers\yhty-20260319\e5e05386-a585-445a-9c82-517576f5389b\logs\warning.log,customers\yhty-20260319\e5e05386-a585-445a-9c82-517576f5389b\logs,warning.log,file,2026-04-24 17:49:23
customers\yhty-20260319\29f226a4-ca97-4578-a4dc-5e39b5e9c5f7\logs\info.log,customers\yhty-20260319\29f226a4-ca97-4578-a4dc-5e39b5e9c5f7\logs,info.log,file,2026-04-24 17:49:23
customers\yhty-20260319\29f226a4-ca97-4578-a4dc-5e39b5e9c5f7\logs\error.log,customers\yhty-20260319\29f226a4-ca97-4578-a4dc-5e39b5e9c5f7\logs,error.log,file,2026-04-24 17:49:23
customers\yhty-20260319\29f226a4-ca97-4578-a4dc-5e39b5e9c5f7\logs\warning.log,customers\yhty-20260319\29f226a4-ca97-4578-a4dc-5e39b5e9c5f7\logs,warning.log,file,2026-04-24 17:49:23
customers\yhty-20260319\aa3866e2-bd2c-4c75-a919-0e00bec8b228\logs\info.log,customers\yhty-20260319\aa3866e2-bd2c-4c75-a919-0e00bec8b228\logs,info.log,file,2026-04-24 17:49:24
customers\yhty-20260319\aa3866e2-bd2c-4c75-a919-0e00bec8b228\logs\warning.log,customers\yhty-20260319\aa3866e2-bd2c-4c75-a919-0e00bec8b228\logs,warning.log,file,2026-04-24 17:49:24
customers\yhty-20260319\c48777ac-d55d-40e3-96f2-1dad33666aae\logs\info.log,customers\yhty-20260319\c48777ac-d55d-40e3-96f2-1dad33666aae\logs,info.log,file,2026-04-24 17:49:24
customers\yhty-20260319\c48777ac-d55d-40e3-96f2-1dad33666aae\logs\warning.log,customers\yhty-20260319\c48777ac-d55d-40e3-96f2-1dad33666aae\logs,warning.log,file,2026-04-24 17:49:24
customers\yhty-20260319\86fe94ab-be07-4105-afca-effaddda1676\logs\info.log,customers\yhty-20260319\86fe94ab-be07-4105-afca-effaddda1676\logs,info.log,file,2026-04-24 17:49:25
customers\yhty-20260319\86fe94ab-be07-4105-afca-effaddda1676\logs\warning.log,customers\yhty-20260319\86fe94ab-be07-4105-afca-effaddda1676\logs,warning.log,file,2026-04-24 17:49:25
customers\yhty-20260319\41a0b76e-c383-4cfa-b345-a72b527c1516\logs\info.log,customers\yhty-20260319\41a0b76e-c383-4cfa-b345-a72b527c1516\logs,info.log,file,2026-04-24 17:49:26
customers\yhty-20260319\41a0b76e-c383-4cfa-b345-a72b527c1516\logs\warning.log,customers\yhty-20260319\41a0b76e-c383-4cfa-b345-a72b527c1516\logs,warning.log,file,2026-04-24 17:49:26
customers\yhty-20260319\92a1851f-83a9-4b6b-82b6-bbbdd34a8aac\logs\info.log,customers\yhty-20260319\92a1851f-83a9-4b6b-82b6-bbbdd34a8aac\logs,info.log,file,2026-04-24 17:49:26
customers\yhty-20260319\92a1851f-83a9-4b6b-82b6-bbbdd34a8aac\logs\warning.log,customers\yhty-20260319\92a1851f-83a9-4b6b-82b6-bbbdd34a8aac\logs,warning.log,file,2026-04-24 17:49:26
customers\yhty-20260319\c6badc13-db8a-43f0-a34f-7812ab2f3e71\logs\info.log,customers\yhty-20260319\c6badc13-db8a-43f0-a34f-7812ab2f3e71\logs,info.log,file,2026-04-24 17:49:27
customers\yhty-20260319\c6badc13-db8a-43f0-a34f-7812ab2f3e71\logs\warning.log,customers\yhty-20260319\c6badc13-db8a-43f0-a34f-7812ab2f3e71\logs,warning.log,file,2026-04-24 17:49:27
customers\yhty-20260319\4cde1181-1408-4d79-9465-9fa7f0b267f0\logs\info.log,customers\yhty-20260319\4cde1181-1408-4d79-9465-9fa7f0b267f0\logs,info.log,file,2026-04-24 17:49:27
customers\yhty-20260319\4cde1181-1408-4d79-9465-9fa7f0b267f0\logs\warning.log,customers\yhty-20260319\4cde1181-1408-4d79-9465-9fa7f0b267f0\logs,warning.log,file,2026-04-24 17:49:27
customers\yhty-20260319\1d172231-2f7e-4f7e-a508-c19bc4ae5ebe\logs\info.log,customers\yhty-20260319\1d172231-2f7e-4f7e-a508-c19bc4ae5ebe\logs,info.log,file,2026-04-24 17:49:28
customers\yhty-20260319\1d172231-2f7e-4f7e-a508-c19bc4ae5ebe\logs\warning.log,customers\yhty-20260319\1d172231-2f7e-4f7e-a508-c19bc4ae5ebe\logs,warning.log,file,2026-04-24 17:49:28
customers\yhty-20260319\edd93667-075e-40fe-9d1f-e2f2e6be031a\logs\info.log,customers\yhty-20260319\edd93667-075e-40fe-9d1f-e2f2e6be031a\logs,info.log,file,2026-04-24 17:49:29
customers\yhty-20260319\edd93667-075e-40fe-9d1f-e2f2e6be031a\logs\warning.log,customers\yhty-20260319\edd93667-075e-40fe-9d1f-e2f2e6be031a\logs,warning.log,file,2026-04-24 17:49:29
customers\yhty-20260319\ed2599ec-e45e-4ad0-9d22-990c27b3c893\logs\info.log,customers\yhty-20260319\ed2599ec-e45e-4ad0-9d22-990c27b3c893\logs,info.log,file,2026-04-24 17:49:29
customers\yhty-20260319\ed2599ec-e45e-4ad0-9d22-990c27b3c893\logs\warning.log,customers\yhty-20260319\ed2599ec-e45e-4ad0-9d22-990c27b3c893\logs,warning.log,file,2026-04-24 17:49:29
customers\yhty-20260319\2d615218-756c-4a74-a585-5882a7e46d37\logs\info.log,customers\yhty-20260319\2d615218-756c-4a74-a585-5882a7e46d37\logs,info.log,file,2026-04-24 17:49:30
customers\yhty-20260319\2d615218-756c-4a74-a585-5882a7e46d37\logs\warning.log,customers\yhty-20260319\2d615218-756c-4a74-a585-5882a7e46d37\logs,warning.log,file,2026-04-24 17:49:30
customers\yhty-20260319\2f5b3500-f9cd-4670-a613-f5c7e0f66cb3\logs\info.log,customers\yhty-20260319\2f5b3500-f9cd-4670-a613-f5c7e0f66cb3\logs,info.log,file,2026-04-24 17:49:30
customers\yhty-20260319\2f5b3500-f9cd-4670-a613-f5c7e0f66cb3\logs\warning.log,customers\yhty-20260319\2f5b3500-f9cd-4670-a613-f5c7e0f66cb3\logs,warning.log,file,2026-04-24 17:49:30
customers\yhty-20260319\b367256a-55d8-4d4d-8e3b-70575158fe96\logs\info.log,customers\yhty-20260319\b367256a-55d8-4d4d-8e3b-70575158fe96\logs,info.log,file,2026-04-24 17:49:31
customers\yhty-20260319\b367256a-55d8-4d4d-8e3b-70575158fe96\logs\warning.log,customers\yhty-20260319\b367256a-55d8-4d4d-8e3b-70575158fe96\logs,warning.log,file,2026-04-24 17:49:31
customers\yhty-20260319\07d7ceca-67b4-4b46-90cc-0aeb918806bd\logs\info.log,customers\yhty-20260319\07d7ceca-67b4-4b46-90cc-0aeb918806bd\logs,info.log,file,2026-04-24 17:49:31
customers\yhty-20260319\07d7ceca-67b4-4b46-90cc-0aeb918806bd\logs\warning.log,customers\yhty-20260319\07d7ceca-67b4-4b46-90cc-0aeb918806bd\logs,warning.log,file,2026-04-24 17:49:31
customers\yhty-20260319\8b7e5892-6a54-44af-82fb-53f3958e1b8e\logs\info.log,customers\yhty-20260319\8b7e5892-6a54-44af-82fb-53f3958e1b8e\logs,info.log,file,2026-04-24 17:49:32
customers\yhty-20260319\8b7e5892-6a54-44af-82fb-53f3958e1b8e\logs\warning.log,customers\yhty-20260319\8b7e5892-6a54-44af-82fb-53f3958e1b8e\logs,warning.log,file,2026-04-24 17:49:32
customers\yhty-20260319\3fc106f5-b600-48c6-abb0-d513a8409892\logs\info.log,customers\yhty-20260319\3fc106f5-b600-48c6-abb0-d513a8409892\logs,info.log,file,2026-04-24 17:49:32
customers\yhty-20260319\3fc106f5-b600-48c6-abb0-d513a8409892\logs\warning.log,customers\yhty-20260319\3fc106f5-b600-48c6-abb0-d513a8409892\logs,warning.log,file,2026-04-24 17:49:33
customers\yhty-20260319\8ac19e6c-2e56-42f7-aa0c-2bd57eb79f40\logs\info.log,customers\yhty-20260319\8ac19e6c-2e56-42f7-aa0c-2bd57eb79f40\logs,info.log,file,2026-04-24 17:49:33
customers\yhty-20260319\8ac19e6c-2e56-42f7-aa0c-2bd57eb79f40\logs\warning.log,customers\yhty-20260319\8ac19e6c-2e56-42f7-aa0c-2bd57eb79f40\logs,warning.log,file,2026-04-24 17:49:33
customers\yhty-20260319\4c7a76f1-22db-40f9-8db1-a257c84c5b40\logs\info.log,customers\yhty-20260319\4c7a76f1-22db-40f9-8db1-a257c84c5b40\logs,info.log,file,2026-04-24 17:49:34
customers\yhty-20260319\4c7a76f1-22db-40f9-8db1-a257c84c5b40\logs\warning.log,customers\yhty-20260319\4c7a76f1-22db-40f9-8db1-a257c84c5b40\logs,warning.log,file,2026-04-24 17:49:34
customers\yhty-20260319\bc527475-a795-4e42-98fa-4946e3842f4c\logs\info.log,customers\yhty-20260319\bc527475-a795-4e42-98fa-4946e3842f4c\logs,info.log,file,2026-04-24 17:49:34
customers\yhty-20260319\bc527475-a795-4e42-98fa-4946e3842f4c\logs\warning.log,customers\yhty-20260319\bc527475-a795-4e42-98fa-4946e3842f4c\logs,warning.log,file,2026-04-24 17:49:34
customers\yhty-20260319\afca0aca-3fed-4eb9-9635-92a782918832\logs\info.log,customers\yhty-20260319\afca0aca-3fed-4eb9-9635-92a782918832\logs,info.log,file,2026-04-24 17:49:35
customers\yhty-20260319\afca0aca-3fed-4eb9-9635-92a782918832\logs\warning.log,customers\yhty-20260319\afca0aca-3fed-4eb9-9635-92a782918832\logs,warning.log,file,2026-04-24 17:49:35
customers\yhty-20260319\cd403895-3042-45f8-a6d8-f4a48c4930ec\logs\info.log,customers\yhty-20260319\cd403895-3042-45f8-a6d8-f4a48c4930ec\logs,info.log,file,2026-04-24 17:49:36
customers\yhty-20260319\cd403895-3042-45f8-a6d8-f4a48c4930ec\logs\warning.log,customers\yhty-20260319\cd403895-3042-45f8-a6d8-f4a48c4930ec\logs,warning.log,file,2026-04-24 17:49:36
customers\yhty-20260319\69e1fedc-d47b-4ec3-9b83-086c002e0c2b\logs\info.log,customers\yhty-20260319\69e1fedc-d47b-4ec3-9b83-086c002e0c2b\logs,info.log,file,2026-04-24 17:49:36
customers\yhty-20260319\69e1fedc-d47b-4ec3-9b83-086c002e0c2b\logs\warning.log,customers\yhty-20260319\69e1fedc-d47b-4ec3-9b83-086c002e0c2b\logs,warning.log,file,2026-04-24 17:49:36
customers\yhty-20260319\92fa5578-ae6b-49be-a261-d6892bed77f7\logs\info.log,customers\yhty-20260319\92fa5578-ae6b-49be-a261-d6892bed77f7\logs,info.log,file,2026-04-24 17:49:37
customers\yhty-20260319\92fa5578-ae6b-49be-a261-d6892bed77f7\logs\warning.log,customers\yhty-20260319\92fa5578-ae6b-49be-a261-d6892bed77f7\logs,warning.log,file,2026-04-24 17:49:37
customers\yhty-20260319\9aa664b1-2bcf-48e1-813c-0ebb8866ac82\logs\info.log,customers\yhty-20260319\9aa664b1-2bcf-48e1-813c-0ebb8866ac82\logs,info.log,file,2026-04-24 17:49:37
customers\yhty-20260319\9aa664b1-2bcf-48e1-813c-0ebb8866ac82\logs\warning.log,customers\yhty-20260319\9aa664b1-2bcf-48e1-813c-0ebb8866ac82\logs,warning.log,file,2026-04-24 17:49:37
customers\yhty-20260319\12513dc3-80cd-4498-87be-7767749c023d\logs\info.log,customers\yhty-20260319\12513dc3-80cd-4498-87be-7767749c023d\logs,info.log,file,2026-04-24 17:49:38
customers\yhty-20260319\12513dc3-80cd-4498-87be-7767749c023d\logs\warning.log,customers\yhty-20260319\12513dc3-80cd-4498-87be-7767749c023d\logs,warning.log,file,2026-04-24 17:49:38
customers\yhty-20260319\1e5b05eb-dbd2-4908-82bc-12a0e99fc9c7\logs\info.log,customers\yhty-20260319\1e5b05eb-dbd2-4908-82bc-12a0e99fc9c7\logs,info.log,file,2026-04-24 17:49:38
customers\yhty-20260319\1e5b05eb-dbd2-4908-82bc-12a0e99fc9c7\logs\warning.log,customers\yhty-20260319\1e5b05eb-dbd2-4908-82bc-12a0e99fc9c7\logs,warning.log,file,2026-04-24 17:49:38
customers\yhty-20260319\ccf7e95c-67ac-49e5-9ff6-cfadbba77603\logs\info.log,customers\yhty-20260319\ccf7e95c-67ac-49e5-9ff6-cfadbba77603\logs,info.log,file,2026-04-24 17:49:39
customers\yhty-20260319\ccf7e95c-67ac-49e5-9ff6-cfadbba77603\logs\warning.log,customers\yhty-20260319\ccf7e95c-67ac-49e5-9ff6-cfadbba77603\logs,warning.log,file,2026-04-24 17:49:39
customers\yhty-20260319\d4e21e5e-c83a-44d7-a74b-5a8eb81c065c\logs\info.log,customers\yhty-20260319\d4e21e5e-c83a-44d7-a74b-5a8eb81c065c\logs,info.log,file,2026-04-24 17:49:39
customers\yhty-20260319\d4e21e5e-c83a-44d7-a74b-5a8eb81c065c\logs\warning.log,customers\yhty-20260319\d4e21e5e-c83a-44d7-a74b-5a8eb81c065c\logs,warning.log,file,2026-04-24 17:49:39
customers\yhty-20260319\89fcebef-716c-4e98-b195-a0c2e570b3a8\logs\info.log,customers\yhty-20260319\89fcebef-716c-4e98-b195-a0c2e570b3a8\logs,info.log,file,2026-04-24 17:49:40
customers\yhty-20260319\89fcebef-716c-4e98-b195-a0c2e570b3a8\logs\warning.log,customers\yhty-20260319\89fcebef-716c-4e98-b195-a0c2e570b3a8\logs,warning.log,file,2026-04-24 17:49:40
customers\yhty-20260319\115065fa-7207-425e-8558-2563537e5ede\logs\info.log,customers\yhty-20260319\115065fa-7207-425e-8558-2563537e5ede\logs,info.log,file,2026-04-24 17:49:40
customers\yhty-20260319\115065fa-7207-425e-8558-2563537e5ede\logs\warning.log,customers\yhty-20260319\115065fa-7207-425e-8558-2563537e5ede\logs,warning.log,file,2026-04-24 17:49:40
customers\yhty-20260319\34856d64-e33c-4e44-bb54-125e677af9bc\logs\info.log,customers\yhty-20260319\34856d64-e33c-4e44-bb54-125e677af9bc\logs,info.log,file,2026-04-24 17:49:41
customers\yhty-20260319\34856d64-e33c-4e44-bb54-125e677af9bc\logs\warning.log,customers\yhty-20260319\34856d64-e33c-4e44-bb54-125e677af9bc\logs,warning.log,file,2026-04-24 17:49:41
customers\yhty-20260319\3d6cc6ac-98cc-40cf-b64f-e36e6ddbccde\logs\info.log,customers\yhty-20260319\3d6cc6ac-98cc-40cf-b64f-e36e6ddbccde\logs,info.log,file,2026-04-24 17:49:42
customers\yhty-20260319\3d6cc6ac-98cc-40cf-b64f-e36e6ddbccde\logs\warning.log,customers\yhty-20260319\3d6cc6ac-98cc-40cf-b64f-e36e6ddbccde\logs,warning.log,file,2026-04-24 17:49:42
customers\yhty-20260319\1434b584-e897-4429-b067-cfae46a74642\logs\info.log,customers\yhty-20260319\1434b584-e897-4429-b067-cfae46a74642\logs,info.log,file,2026-04-24 17:49:42
customers\yhty-20260319\1434b584-e897-4429-b067-cfae46a74642\logs\warning.log,customers\yhty-20260319\1434b584-e897-4429-b067-cfae46a74642\logs,warning.log,file,2026-04-24 17:49:42
customers\yhty-20260319\d550a670-c113-428b-bb7b-750afe91bddf\logs\info.log,customers\yhty-20260319\d550a670-c113-428b-bb7b-750afe91bddf\logs,info.log,file,2026-04-24 17:49:43
customers\yhty-20260319\d550a670-c113-428b-bb7b-750afe91bddf\logs\warning.log,customers\yhty-20260319\d550a670-c113-428b-bb7b-750afe91bddf\logs,warning.log,file,2026-04-24 17:49:43
customers\yhty-20260319\214fd35a-ce5c-435c-9919-7d047f196d52\logs\info.log,customers\yhty-20260319\214fd35a-ce5c-435c-9919-7d047f196d52\logs,info.log,file,2026-04-24 17:49:43
customers\yhty-20260319\214fd35a-ce5c-435c-9919-7d047f196d52\logs\warning.log,customers\yhty-20260319\214fd35a-ce5c-435c-9919-7d047f196d52\logs,warning.log,file,2026-04-24 17:49:43
customers\yhty-20260319\12d15818-2e6e-40a0-8181-d1299c69ca5d\logs\info.log,customers\yhty-20260319\12d15818-2e6e-40a0-8181-d1299c69ca5d\logs,info.log,file,2026-04-24 17:49:44
customers\yhty-20260319\12d15818-2e6e-40a0-8181-d1299c69ca5d\logs\warning.log,customers\yhty-20260319\12d15818-2e6e-40a0-8181-d1299c69ca5d\logs,warning.log,file,2026-04-24 17:49:44
customers\yhty-20260319\86286a06-46e2-4312-b2f5-e0b70d15aa4d\logs\info.log,customers\yhty-20260319\86286a06-46e2-4312-b2f5-e0b70d15aa4d\logs,info.log,file,2026-04-24 17:49:44
customers\yhty-20260319\86286a06-46e2-4312-b2f5-e0b70d15aa4d\logs\warning.log,customers\yhty-20260319\86286a06-46e2-4312-b2f5-e0b70d15aa4d\logs,warning.log,file,2026-04-24 17:49:44
customers\yhty-20260319\b9a91dba-1fdd-4d91-bcef-05f814e18875\logs\info.log,customers\yhty-20260319\b9a91dba-1fdd-4d91-bcef-05f814e18875\logs,info.log,file,2026-04-24 17:49:45
customers\yhty-20260319\b9a91dba-1fdd-4d91-bcef-05f814e18875\logs\warning.log,customers\yhty-20260319\b9a91dba-1fdd-4d91-bcef-05f814e18875\logs,warning.log,file,2026-04-24 17:49:45
customers\yhty-20260319\caf58b24-c00c-47a9-8435-fec306785b5f\logs\info.log,customers\yhty-20260319\caf58b24-c00c-47a9-8435-fec306785b5f\logs,info.log,file,2026-04-24 17:49:45
customers\yhty-20260319\caf58b24-c00c-47a9-8435-fec306785b5f\logs\warning.log,customers\yhty-20260319\caf58b24-c00c-47a9-8435-fec306785b5f\logs,warning.log,file,2026-04-24 17:49:45
customers\yhty-20260319\80cde687-c00c-4976-a4f1-b21ed144a10f\logs\info.log,customers\yhty-20260319\80cde687-c00c-4976-a4f1-b21ed144a10f\logs,info.log,file,2026-04-24 17:49:46
customers\yhty-20260319\80cde687-c00c-4976-a4f1-b21ed144a10f\logs\warning.log,customers\yhty-20260319\80cde687-c00c-4976-a4f1-b21ed144a10f\logs,warning.log,file,2026-04-24 17:49:46
customers\yhty-20260319\f79cb783-34d1-41d0-a351-b2612e5ff741\logs\info.log,customers\yhty-20260319\f79cb783-34d1-41d0-a351-b2612e5ff741\logs,info.log,file,2026-04-24 17:49:46
customers\yhty-20260319\f79cb783-34d1-41d0-a351-b2612e5ff741\logs\warning.log,customers\yhty-20260319\f79cb783-34d1-41d0-a351-b2612e5ff741\logs,warning.log,file,2026-04-24 17:49:46
customers\yhty-20260319\f84e291a-b55a-45ac-a31e-b8bd94276619\logs\info.log,customers\yhty-20260319\f84e291a-b55a-45ac-a31e-b8bd94276619\logs,info.log,file,2026-04-24 17:49:47
customers\yhty-20260319\f84e291a-b55a-45ac-a31e-b8bd94276619\logs\warning.log,customers\yhty-20260319\f84e291a-b55a-45ac-a31e-b8bd94276619\logs,warning.log,file,2026-04-24 17:49:47
customers\yhty-20260319\0f9521aa-7c8a-4f18-9e30-88c4ae2479d1\logs\info.log,customers\yhty-20260319\0f9521aa-7c8a-4f18-9e30-88c4ae2479d1\logs,info.log,file,2026-04-24 17:49:48
customers\yhty-20260319\0f9521aa-7c8a-4f18-9e30-88c4ae2479d1\logs\warning.log,customers\yhty-20260319\0f9521aa-7c8a-4f18-9e30-88c4ae2479d1\logs,warning.log,file,2026-04-24 17:49:48
customers\yhty-20260319\48fe1a2e-4037-44e7-bd8e-ded61aa118e4\logs\info.log,customers\yhty-20260319\48fe1a2e-4037-44e7-bd8e-ded61aa118e4\logs,info.log,file,2026-04-24 17:49:49
customers\yhty-20260319\48fe1a2e-4037-44e7-bd8e-ded61aa118e4\logs\warning.log,customers\yhty-20260319\48fe1a2e-4037-44e7-bd8e-ded61aa118e4\logs,warning.log,file,2026-04-24 17:49:49
customers\yhty-20260319\c2294aad-7888-4296-8fb9-2b26ca76ebee\logs\info.log,customers\yhty-20260319\c2294aad-7888-4296-8fb9-2b26ca76ebee\logs,info.log,file,2026-04-24 17:49:49
customers\yhty-20260319\c2294aad-7888-4296-8fb9-2b26ca76ebee\logs\warning.log,customers\yhty-20260319\c2294aad-7888-4296-8fb9-2b26ca76ebee\logs,warning.log,file,2026-04-24 17:49:49
customers\yhty-20260319\e4108bb5-7167-4f03-b14a-3d8dd6dbe0ee\logs\info.log,customers\yhty-20260319\e4108bb5-7167-4f03-b14a-3d8dd6dbe0ee\logs,info.log,file,2026-04-24 17:49:50
customers\yhty-20260319\e4108bb5-7167-4f03-b14a-3d8dd6dbe0ee\logs\warning.log,customers\yhty-20260319\e4108bb5-7167-4f03-b14a-3d8dd6dbe0ee\logs,warning.log,file,2026-04-24 17:49:50
customers\yhty-20260319\8d64b22d-9654-409a-98af-8fd09ffafb2b\logs\info.log,customers\yhty-20260319\8d64b22d-9654-409a-98af-8fd09ffafb2b\logs,info.log,file,2026-04-24 17:49:50
customers\yhty-20260319\8d64b22d-9654-409a-98af-8fd09ffafb2b\logs\warning.log,customers\yhty-20260319\8d64b22d-9654-409a-98af-8fd09ffafb2b\logs,warning.log,file,2026-04-24 17:49:50
customers\yhty-20260319\2a3e8f42-a2cc-4446-9dbe-ee33f86ec8c8\logs\info.log,customers\yhty-20260319\2a3e8f42-a2cc-4446-9dbe-ee33f86ec8c8\logs,info.log,file,2026-04-24 17:49:51
customers\yhty-20260319\2a3e8f42-a2cc-4446-9dbe-ee33f86ec8c8\logs\warning.log,customers\yhty-20260319\2a3e8f42-a2cc-4446-9dbe-ee33f86ec8c8\logs,warning.log,file,2026-04-24 17:49:51
customers\yhty-20260319\6a42abb8-54a1-4732-8cab-845b41ee0c92\logs\info.log,customers\yhty-20260319\6a42abb8-54a1-4732-8cab-845b41ee0c92\logs,info.log,file,2026-04-24 17:49:51
customers\yhty-20260319\6a42abb8-54a1-4732-8cab-845b41ee0c92\logs\warning.log,customers\yhty-20260319\6a42abb8-54a1-4732-8cab-845b41ee0c92\logs,warning.log,file,2026-04-24 17:49:51
customers\yhty-20260319\623689d1-cd65-459b-89c3-aab68645eabf\logs\info.log,customers\yhty-20260319\623689d1-cd65-459b-89c3-aab68645eabf\logs,info.log,file,2026-04-24 17:49:52
customers\yhty-20260319\623689d1-cd65-459b-89c3-aab68645eabf\logs\warning.log,customers\yhty-20260319\623689d1-cd65-459b-89c3-aab68645eabf\logs,warning.log,file,2026-04-24 17:49:52
customers\yhty-20260319\5830809a-6630-4e30-a513-4205409d0566\logs\info.log,customers\yhty-20260319\5830809a-6630-4e30-a513-4205409d0566\logs,info.log,file,2026-04-24 17:49:52
customers\yhty-20260319\5830809a-6630-4e30-a513-4205409d0566\logs\warning.log,customers\yhty-20260319\5830809a-6630-4e30-a513-4205409d0566\logs,warning.log,file,2026-04-24 17:49:52
customers\yhty-20260319\e7cd853f-986a-4d3a-ab21-ab76c1d108b0\logs\info.log,customers\yhty-20260319\e7cd853f-986a-4d3a-ab21-ab76c1d108b0\logs,info.log,file,2026-04-24 17:49:53
customers\yhty-20260319\e7cd853f-986a-4d3a-ab21-ab76c1d108b0\logs\warning.log,customers\yhty-20260319\e7cd853f-986a-4d3a-ab21-ab76c1d108b0\logs,warning.log,file,2026-04-24 17:49:53
customers\yhty-20260319\ea089ad8-cfc4-4d32-8bdf-77281eaede08\logs\info.log,customers\yhty-20260319\ea089ad8-cfc4-4d32-8bdf-77281eaede08\logs,info.log,file,2026-04-24 17:49:54
customers\yhty-20260319\ea089ad8-cfc4-4d32-8bdf-77281eaede08\logs\warning.log,customers\yhty-20260319\ea089ad8-cfc4-4d32-8bdf-77281eaede08\logs,warning.log,file,2026-04-24 17:49:54
customers\yhty-20260319\21310ceb-1feb-4d8b-a7b1-d52bcd3ef08b\logs\info.log,customers\yhty-20260319\21310ceb-1feb-4d8b-a7b1-d52bcd3ef08b\logs,info.log,file,2026-04-24 17:49:54
customers\yhty-20260319\21310ceb-1feb-4d8b-a7b1-d52bcd3ef08b\logs\warning.log,customers\yhty-20260319\21310ceb-1feb-4d8b-a7b1-d52bcd3ef08b\logs,warning.log,file,2026-04-24 17:49:54
customers\yhty-20260319\bdd97555-6a84-4aa7-9eaf-a892c4519f6f\logs\info.log,customers\yhty-20260319\bdd97555-6a84-4aa7-9eaf-a892c4519f6f\logs,info.log,file,2026-04-24 17:49:55
customers\yhty-20260319\bdd97555-6a84-4aa7-9eaf-a892c4519f6f\logs\warning.log,customers\yhty-20260319\bdd97555-6a84-4aa7-9eaf-a892c4519f6f\logs,warning.log,file,2026-04-24 17:49:55
customers\yhty-20260319\08369782-baac-4a46-9e78-bccde69c27a0\logs\info.log,customers\yhty-20260319\08369782-baac-4a46-9e78-bccde69c27a0\logs,info.log,file,2026-04-24 17:49:55
customers\yhty-20260319\08369782-baac-4a46-9e78-bccde69c27a0\logs\warning.log,customers\yhty-20260319\08369782-baac-4a46-9e78-bccde69c27a0\logs,warning.log,file,2026-04-24 17:49:55
customers\yhty-20260319\a1034837-0cee-43ce-b1fe-c63a6bac70ba\logs\info.log,customers\yhty-20260319\a1034837-0cee-43ce-b1fe-c63a6bac70ba\logs,info.log,file,2026-04-24 17:49:56
customers\yhty-20260319\a1034837-0cee-43ce-b1fe-c63a6bac70ba\logs\warning.log,customers\yhty-20260319\a1034837-0cee-43ce-b1fe-c63a6bac70ba\logs,warning.log,file,2026-04-24 17:49:56
customers\yhty-20260319\bf9cf592-d27b-44d7-8f19-ab015b045190\logs\info.log,customers\yhty-20260319\bf9cf592-d27b-44d7-8f19-ab015b045190\logs,info.log,file,2026-04-24 17:49:56
customers\yhty-20260319\bf9cf592-d27b-44d7-8f19-ab015b045190\logs\warning.log,customers\yhty-20260319\bf9cf592-d27b-44d7-8f19-ab015b045190\logs,warning.log,file,2026-04-24 17:49:56
customers\yhty-20260319\777db423-d117-4910-a338-59b8fea67c0b\logs\info.log,customers\yhty-20260319\777db423-d117-4910-a338-59b8fea67c0b\logs,info.log,file,2026-04-24 17:49:57
customers\yhty-20260319\777db423-d117-4910-a338-59b8fea67c0b\logs\warning.log,customers\yhty-20260319\777db423-d117-4910-a338-59b8fea67c0b\logs,warning.log,file,2026-04-24 17:49:57
customers\yhty-20260319\b0467ebd-7746-4a53-847e-f11564852164\logs\info.log,customers\yhty-20260319\b0467ebd-7746-4a53-847e-f11564852164\logs,info.log,file,2026-04-24 17:49:57
customers\yhty-20260319\b0467ebd-7746-4a53-847e-f11564852164\logs\warning.log,customers\yhty-20260319\b0467ebd-7746-4a53-847e-f11564852164\logs,warning.log,file,2026-04-24 17:49:57
customers\yhty-20260319\c6ce093d-7135-4615-8966-4fb0ace4300b\logs\info.log,customers\yhty-20260319\c6ce093d-7135-4615-8966-4fb0ace4300b\logs,info.log,file,2026-04-24 17:49:58
customers\yhty-20260319\c6ce093d-7135-4615-8966-4fb0ace4300b\logs\error.log,customers\yhty-20260319\c6ce093d-7135-4615-8966-4fb0ace4300b\logs,error.log,file,2026-04-24 17:49:58
customers\yhty-20260319\c6ce093d-7135-4615-8966-4fb0ace4300b\logs\warning.log,customers\yhty-20260319\c6ce093d-7135-4615-8966-4fb0ace4300b\logs,warning.log,file,2026-04-24 17:49:58
customers\yhty-20260319\87780a97-bc98-4d55-9013-1c3f561cc7d2\logs\info.log,customers\yhty-20260319\87780a97-bc98-4d55-9013-1c3f561cc7d2\logs,info.log,file,2026-04-24 17:49:59
customers\yhty-20260319\87780a97-bc98-4d55-9013-1c3f561cc7d2\logs\error.log,customers\yhty-20260319\87780a97-bc98-4d55-9013-1c3f561cc7d2\logs,error.log,file,2026-04-24 17:49:59
customers\yhty-20260319\87780a97-bc98-4d55-9013-1c3f561cc7d2\logs\warning.log,customers\yhty-20260319\87780a97-bc98-4d55-9013-1c3f561cc7d2\logs,warning.log,file,2026-04-24 17:49:59
customers\yhty-20260319\eb4f9644-f30c-4c32-9fb7-c8b9ca7df554\logs\info.log,customers\yhty-20260319\eb4f9644-f30c-4c32-9fb7-c8b9ca7df554\logs,info.log,file,2026-04-24 17:49:59
customers\yhty-20260319\eb4f9644-f30c-4c32-9fb7-c8b9ca7df554\logs\error.log,customers\yhty-20260319\eb4f9644-f30c-4c32-9fb7-c8b9ca7df554\logs,error.log,file,2026-04-24 17:49:59
customers\yhty-20260319\eb4f9644-f30c-4c32-9fb7-c8b9ca7df554\logs\warning.log,customers\yhty-20260319\eb4f9644-f30c-4c32-9fb7-c8b9ca7df554\logs,warning.log,file,2026-04-24 17:49:59
customers\yhty-20260319\856e95ed-5047-42ca-9a30-40f3a431d044\logs\info.log,customers\yhty-20260319\856e95ed-5047-42ca-9a30-40f3a431d044\logs,info.log,file,2026-04-24 17:50:00
customers\yhty-20260319\856e95ed-5047-42ca-9a30-40f3a431d044\logs\error.log,customers\yhty-20260319\856e95ed-5047-42ca-9a30-40f3a431d044\logs,error.log,file,2026-04-24 17:50:00
customers\yhty-20260319\856e95ed-5047-42ca-9a30-40f3a431d044\logs\warning.log,customers\yhty-20260319\856e95ed-5047-42ca-9a30-40f3a431d044\logs,warning.log,file,2026-04-24 17:50:00
customers\yhty-20260319\834734c4-30f0-4eef-b5a0-91ccdfece6ec\logs\info.log,customers\yhty-20260319\834734c4-30f0-4eef-b5a0-91ccdfece6ec\logs,info.log,file,2026-04-24 17:50:00
customers\yhty-20260319\834734c4-30f0-4eef-b5a0-91ccdfece6ec\logs\error.log,customers\yhty-20260319\834734c4-30f0-4eef-b5a0-91ccdfece6ec\logs,error.log,file,2026-04-24 17:50:01
customers\yhty-20260319\834734c4-30f0-4eef-b5a0-91ccdfece6ec\logs\warning.log,customers\yhty-20260319\834734c4-30f0-4eef-b5a0-91ccdfece6ec\logs,warning.log,file,2026-04-24 17:50:01
customers\yhty-20260319\76a8a68b-7d09-405f-a69f-14e62efae9db\logs\info.log,customers\yhty-20260319\76a8a68b-7d09-405f-a69f-14e62efae9db\logs,info.log,file,2026-04-24 17:50:01
customers\yhty-20260319\76a8a68b-7d09-405f-a69f-14e62efae9db\logs\error.log,customers\yhty-20260319\76a8a68b-7d09-405f-a69f-14e62efae9db\logs,error.log,file,2026-04-24 17:50:01
customers\yhty-20260319\76a8a68b-7d09-405f-a69f-14e62efae9db\logs\warning.log,customers\yhty-20260319\76a8a68b-7d09-405f-a69f-14e62efae9db\logs,warning.log,file,2026-04-24 17:50:01
customers\yhty-20260319\a1d085c7-1fbf-4f85-a38d-64abfd0a96bc\logs\info.log,customers\yhty-20260319\a1d085c7-1fbf-4f85-a38d-64abfd0a96bc\logs,info.log,file,2026-04-24 17:50:02
customers\yhty-20260319\a1d085c7-1fbf-4f85-a38d-64abfd0a96bc\logs\error.log,customers\yhty-20260319\a1d085c7-1fbf-4f85-a38d-64abfd0a96bc\logs,error.log,file,2026-04-24 17:50:02
customers\yhty-20260319\a1d085c7-1fbf-4f85-a38d-64abfd0a96bc\logs\warning.log,customers\yhty-20260319\a1d085c7-1fbf-4f85-a38d-64abfd0a96bc\logs,warning.log,file,2026-04-24 17:50:02
customers\yhty-20260319\46b79b38-6f33-4729-a68d-760ee19736d3\logs\info.log,customers\yhty-20260319\46b79b38-6f33-4729-a68d-760ee19736d3\logs,info.log,file,2026-04-24 17:50:02
customers\yhty-20260319\46b79b38-6f33-4729-a68d-760ee19736d3\logs\error.log,customers\yhty-20260319\46b79b38-6f33-4729-a68d-760ee19736d3\logs,error.log,file,2026-04-24 17:50:02
customers\yhty-20260319\46b79b38-6f33-4729-a68d-760ee19736d3\logs\warning.log,customers\yhty-20260319\46b79b38-6f33-4729-a68d-760ee19736d3\logs,warning.log,file,2026-04-24 17:50:02
customers\yhty-20260319\0faf7b9c-3319-450d-a4b1-505a263b626d\logs\info.log,customers\yhty-20260319\0faf7b9c-3319-450d-a4b1-505a263b626d\logs,info.log,file,2026-04-24 17:50:03
customers\yhty-20260319\0faf7b9c-3319-450d-a4b1-505a263b626d\logs\error.log,customers\yhty-20260319\0faf7b9c-3319-450d-a4b1-505a263b626d\logs,error.log,file,2026-04-24 17:50:03
customers\yhty-20260319\0faf7b9c-3319-450d-a4b1-505a263b626d\logs\warning.log,customers\yhty-20260319\0faf7b9c-3319-450d-a4b1-505a263b626d\logs,warning.log,file,2026-04-24 17:50:03
customers\yhty-20260319\61d1538a-425f-420a-8174-5015b99d068c\logs\info.log,customers\yhty-20260319\61d1538a-425f-420a-8174-5015b99d068c\logs,info.log,file,2026-04-24 17:50:03
customers\yhty-20260319\61d1538a-425f-420a-8174-5015b99d068c\logs\error.log,customers\yhty-20260319\61d1538a-425f-420a-8174-5015b99d068c\logs,error.log,file,2026-04-24 17:50:03
customers\yhty-20260319\61d1538a-425f-420a-8174-5015b99d068c\logs\warning.log,customers\yhty-20260319\61d1538a-425f-420a-8174-5015b99d068c\logs,warning.log,file,2026-04-24 17:50:03
customers\yhty-20260319\628c6722-55cb-4d89-b961-278e36a45ac7\logs\info.log,customers\yhty-20260319\628c6722-55cb-4d89-b961-278e36a45ac7\logs,info.log,file,2026-04-24 17:50:04
customers\yhty-20260319\628c6722-55cb-4d89-b961-278e36a45ac7\logs\error.log,customers\yhty-20260319\628c6722-55cb-4d89-b961-278e36a45ac7\logs,error.log,file,2026-04-24 17:50:04
customers\yhty-20260319\628c6722-55cb-4d89-b961-278e36a45ac7\logs\warning.log,customers\yhty-20260319\628c6722-55cb-4d89-b961-278e36a45ac7\logs,warning.log,file,2026-04-24 17:50:04
customers\yhty-20260319\2c0a2551-4062-45dd-8517-618885cb141d\logs\info.log,customers\yhty-20260319\2c0a2551-4062-45dd-8517-618885cb141d\logs,info.log,file,2026-04-24 17:50:04
customers\yhty-20260319\2c0a2551-4062-45dd-8517-618885cb141d\logs\error.log,customers\yhty-20260319\2c0a2551-4062-45dd-8517-618885cb141d\logs,error.log,file,2026-04-24 17:50:04
customers\yhty-20260319\2c0a2551-4062-45dd-8517-618885cb141d\logs\warning.log,customers\yhty-20260319\2c0a2551-4062-45dd-8517-618885cb141d\logs,warning.log,file,2026-04-24 17:50:04
customers\yhty-20260319\a1303fa3-5242-4fb7-99be-93ee12c0cac4\logs\info.log,customers\yhty-20260319\a1303fa3-5242-4fb7-99be-93ee12c0cac4\logs,info.log,file,2026-04-24 17:50:05
customers\yhty-20260319\a1303fa3-5242-4fb7-99be-93ee12c0cac4\logs\error.log,customers\yhty-20260319\a1303fa3-5242-4fb7-99be-93ee12c0cac4\logs,error.log,file,2026-04-24 17:50:05
customers\yhty-20260319\a1303fa3-5242-4fb7-99be-93ee12c0cac4\logs\warning.log,customers\yhty-20260319\a1303fa3-5242-4fb7-99be-93ee12c0cac4\logs,warning.log,file,2026-04-24 17:50:05
customers\yhty-20260319\2e948641-3e4a-4a3c-9ddc-2005716d98e5\logs\info.log,customers\yhty-20260319\2e948641-3e4a-4a3c-9ddc-2005716d98e5\logs,info.log,file,2026-04-24 17:50:06
customers\yhty-20260319\2e948641-3e4a-4a3c-9ddc-2005716d98e5\logs\error.log,customers\yhty-20260319\2e948641-3e4a-4a3c-9ddc-2005716d98e5\logs,error.log,file,2026-04-24 17:50:06
customers\yhty-20260319\2e948641-3e4a-4a3c-9ddc-2005716d98e5\logs\warning.log,customers\yhty-20260319\2e948641-3e4a-4a3c-9ddc-2005716d98e5\logs,warning.log,file,2026-04-24 17:50:06
customers\yhty-20260319\719794bf-2e85-4b41-8a92-74b39f215227\logs\info.log,customers\yhty-20260319\719794bf-2e85-4b41-8a92-74b39f215227\logs,info.log,file,2026-04-24 17:50:06
customers\yhty-20260319\719794bf-2e85-4b41-8a92-74b39f215227\logs\error.log,customers\yhty-20260319\719794bf-2e85-4b41-8a92-74b39f215227\logs,error.log,file,2026-04-24 17:50:06
customers\yhty-20260319\719794bf-2e85-4b41-8a92-74b39f215227\logs\warning.log,customers\yhty-20260319\719794bf-2e85-4b41-8a92-74b39f215227\logs,warning.log,file,2026-04-24 17:50:06
customers\yhty-20260319\cc95ff33-b514-413b-921a-8b05b2be9eb0\logs\info.log,customers\yhty-20260319\cc95ff33-b514-413b-921a-8b05b2be9eb0\logs,info.log,file,2026-04-24 17:50:07
customers\yhty-20260319\cc95ff33-b514-413b-921a-8b05b2be9eb0\logs\error.log,customers\yhty-20260319\cc95ff33-b514-413b-921a-8b05b2be9eb0\logs,error.log,file,2026-04-24 17:50:07
customers\yhty-20260319\cc95ff33-b514-413b-921a-8b05b2be9eb0\logs\warning.log,customers\yhty-20260319\cc95ff33-b514-413b-921a-8b05b2be9eb0\logs,warning.log,file,2026-04-24 17:50:07
customers\yhty-20260319\41a7571f-eecc-49ed-a81c-d58e9230d466\logs\info.log,customers\yhty-20260319\41a7571f-eecc-49ed-a81c-d58e9230d466\logs,info.log,file,2026-04-24 17:50:07
customers\yhty-20260319\41a7571f-eecc-49ed-a81c-d58e9230d466\logs\error.log,customers\yhty-20260319\41a7571f-eecc-49ed-a81c-d58e9230d466\logs,error.log,file,2026-04-24 17:50:07
customers\yhty-20260319\41a7571f-eecc-49ed-a81c-d58e9230d466\logs\warning.log,customers\yhty-20260319\41a7571f-eecc-49ed-a81c-d58e9230d466\logs,warning.log,file,2026-04-24 17:50:07
customers\yhty-20260319\ebad90c4-976f-45ba-914a-438e1947174e\logs\info.log,customers\yhty-20260319\ebad90c4-976f-45ba-914a-438e1947174e\logs,info.log,file,2026-04-24 17:50:08
customers\yhty-20260319\ebad90c4-976f-45ba-914a-438e1947174e\logs\error.log,customers\yhty-20260319\ebad90c4-976f-45ba-914a-438e1947174e\logs,error.log,file,2026-04-24 17:50:08
customers\yhty-20260319\ebad90c4-976f-45ba-914a-438e1947174e\logs\warning.log,customers\yhty-20260319\ebad90c4-976f-45ba-914a-438e1947174e\logs,warning.log,file,2026-04-24 17:50:08
customers\yhty-20260319\6ea868b8-8c67-4ca3-9b76-413514542b0c\logs\info.log,customers\yhty-20260319\6ea868b8-8c67-4ca3-9b76-413514542b0c\logs,info.log,file,2026-04-24 17:50:08
customers\yhty-20260319\6ea868b8-8c67-4ca3-9b76-413514542b0c\logs\error.log,customers\yhty-20260319\6ea868b8-8c67-4ca3-9b76-413514542b0c\logs,error.log,file,2026-04-24 17:50:08
customers\yhty-20260319\6ea868b8-8c67-4ca3-9b76-413514542b0c\logs\warning.log,customers\yhty-20260319\6ea868b8-8c67-4ca3-9b76-413514542b0c\logs,warning.log,file,2026-04-24 17:50:08
customers\yhty-20260319\2ba41bd8-60fe-47a4-b18c-238e798d2f51\logs\info.log,customers\yhty-20260319\2ba41bd8-60fe-47a4-b18c-238e798d2f51\logs,info.log,file,2026-04-24 17:50:09
customers\yhty-20260319\2ba41bd8-60fe-47a4-b18c-238e798d2f51\logs\error.log,customers\yhty-20260319\2ba41bd8-60fe-47a4-b18c-238e798d2f51\logs,error.log,file,2026-04-24 17:50:09
customers\yhty-20260319\2ba41bd8-60fe-47a4-b18c-238e798d2f51\logs\warning.log,customers\yhty-20260319\2ba41bd8-60fe-47a4-b18c-238e798d2f51\logs,warning.log,file,2026-04-24 17:50:09
customers\yhty-20260319\77333ae0-ad8d-4ca8-8f38-767af918fc1f\logs\info.log,customers\yhty-20260319\77333ae0-ad8d-4ca8-8f38-767af918fc1f\logs,info.log,file,2026-04-24 17:50:10
customers\yhty-20260319\77333ae0-ad8d-4ca8-8f38-767af918fc1f\logs\warning.log,customers\yhty-20260319\77333ae0-ad8d-4ca8-8f38-767af918fc1f\logs,warning.log,file,2026-04-24 17:50:10
customers\yhty-20260319\dbf548d3-849e-4134-b8f7-56b1b4a4de83\logs\info.log,customers\yhty-20260319\dbf548d3-849e-4134-b8f7-56b1b4a4de83\logs,info.log,file,2026-04-24 17:50:10
customers\yhty-20260319\dbf548d3-849e-4134-b8f7-56b1b4a4de83\logs\warning.log,customers\yhty-20260319\dbf548d3-849e-4134-b8f7-56b1b4a4de83\logs,warning.log,file,2026-04-24 17:50:10
customers\yhty-20260319\3046fa4a-3361-4194-9eed-a0101d5cbe5c\logs\info.log,customers\yhty-20260319\3046fa4a-3361-4194-9eed-a0101d5cbe5c\logs,info.log,file,2026-04-24 17:50:11
customers\yhty-20260319\3046fa4a-3361-4194-9eed-a0101d5cbe5c\logs\warning.log,customers\yhty-20260319\3046fa4a-3361-4194-9eed-a0101d5cbe5c\logs,warning.log,file,2026-04-24 17:50:11
customers\yhty-20260319\4ae58574-5bb1-47a2-8adb-7b712aa1b93f\logs\info.log,customers\yhty-20260319\4ae58574-5bb1-47a2-8adb-7b712aa1b93f\logs,info.log,file,2026-04-24 17:50:11
customers\yhty-20260319\4ae58574-5bb1-47a2-8adb-7b712aa1b93f\logs\warning.log,customers\yhty-20260319\4ae58574-5bb1-47a2-8adb-7b712aa1b93f\logs,warning.log,file,2026-04-24 17:50:11
customers\yhty-20260319\589fac39-6b9c-4682-85fe-3c48eef8acf0\logs\info.log,customers\yhty-20260319\589fac39-6b9c-4682-85fe-3c48eef8acf0\logs,info.log,file,2026-04-24 17:50:12
customers\yhty-20260319\589fac39-6b9c-4682-85fe-3c48eef8acf0\logs\warning.log,customers\yhty-20260319\589fac39-6b9c-4682-85fe-3c48eef8acf0\logs,warning.log,file,2026-04-24 17:50:12
customers\yhty-20260319\8b29f79a-7af9-4d5f-b7e9-b398ec702932\logs\info.log,customers\yhty-20260319\8b29f79a-7af9-4d5f-b7e9-b398ec702932\logs,info.log,file,2026-04-24 17:50:13
customers\yhty-20260319\8b29f79a-7af9-4d5f-b7e9-b398ec702932\logs\warning.log,customers\yhty-20260319\8b29f79a-7af9-4d5f-b7e9-b398ec702932\logs,warning.log,file,2026-04-24 17:50:13
customers\yhty-20260319\320a0d16-ba34-4fae-9c2c-6e57daf14119\logs\info.log,customers\yhty-20260319\320a0d16-ba34-4fae-9c2c-6e57daf14119\logs,info.log,file,2026-04-24 17:50:13
customers\yhty-20260319\320a0d16-ba34-4fae-9c2c-6e57daf14119\logs\warning.log,customers\yhty-20260319\320a0d16-ba34-4fae-9c2c-6e57daf14119\logs,warning.log,file,2026-04-24 17:50:13
customers\yhty-20260319\979c791c-ea83-436a-81c3-3c199556a998\logs\info.log,customers\yhty-20260319\979c791c-ea83-436a-81c3-3c199556a998\logs,info.log,file,2026-04-24 17:50:14
customers\yhty-20260319\979c791c-ea83-436a-81c3-3c199556a998\logs\warning.log,customers\yhty-20260319\979c791c-ea83-436a-81c3-3c199556a998\logs,warning.log,file,2026-04-24 17:50:14
customers\yhty-20260319\0aa9c39a-8a18-4a3f-b1b6-58b30219aa73\logs\info.log,customers\yhty-20260319\0aa9c39a-8a18-4a3f-b1b6-58b30219aa73\logs,info.log,file,2026-04-24 17:50:15
customers\yhty-20260319\0aa9c39a-8a18-4a3f-b1b6-58b30219aa73\logs\warning.log,customers\yhty-20260319\0aa9c39a-8a18-4a3f-b1b6-58b30219aa73\logs,warning.log,file,2026-04-24 17:50:15
customers\yhty-20260319\0cc796dd-ee31-462a-a25f-43bc87f4c2af\logs\info.log,customers\yhty-20260319\0cc796dd-ee31-462a-a25f-43bc87f4c2af\logs,info.log,file,2026-04-24 17:50:15
customers\yhty-20260319\0cc796dd-ee31-462a-a25f-43bc87f4c2af\logs\warning.log,customers\yhty-20260319\0cc796dd-ee31-462a-a25f-43bc87f4c2af\logs,warning.log,file,2026-04-24 17:50:15
customers\yhty-20260319\e6b93ff1-1a3e-48a4-93a9-b2d501103894\logs\info.log,customers\yhty-20260319\e6b93ff1-1a3e-48a4-93a9-b2d501103894\logs,info.log,file,2026-04-24 17:50:16
customers\yhty-20260319\e6b93ff1-1a3e-48a4-93a9-b2d501103894\logs\warning.log,customers\yhty-20260319\e6b93ff1-1a3e-48a4-93a9-b2d501103894\logs,warning.log,file,2026-04-24 17:50:16
customers\yhty-20260319\25b0c43b-8a72-4e9d-8581-55d2de5d189b\logs\info.log,customers\yhty-20260319\25b0c43b-8a72-4e9d-8581-55d2de5d189b\logs,info.log,file,2026-04-24 17:50:17
customers\yhty-20260319\25b0c43b-8a72-4e9d-8581-55d2de5d189b\logs\warning.log,customers\yhty-20260319\25b0c43b-8a72-4e9d-8581-55d2de5d189b\logs,warning.log,file,2026-04-24 17:50:17
customers\yhty-20260319\bc5bc66e-eb2e-4a15-a82e-4bbeb12305e5\logs\info.log,customers\yhty-20260319\bc5bc66e-eb2e-4a15-a82e-4bbeb12305e5\logs,info.log,file,2026-04-24 17:50:17
customers\yhty-20260319\bc5bc66e-eb2e-4a15-a82e-4bbeb12305e5\logs\warning.log,customers\yhty-20260319\bc5bc66e-eb2e-4a15-a82e-4bbeb12305e5\logs,warning.log,file,2026-04-24 17:50:17
customers\yhty-20260319\4e23ce77-ccc6-440b-a269-ba4777980dea\logs\info.log,customers\yhty-20260319\4e23ce77-ccc6-440b-a269-ba4777980dea\logs,info.log,file,2026-04-24 17:50:18
customers\yhty-20260319\4e23ce77-ccc6-440b-a269-ba4777980dea\logs\warning.log,customers\yhty-20260319\4e23ce77-ccc6-440b-a269-ba4777980dea\logs,warning.log,file,2026-04-24 17:50:18
customers\yhty-20260319\4fecfde7-bc27-49ec-993a-376ccf037d63\logs\info.log,customers\yhty-20260319\4fecfde7-bc27-49ec-993a-376ccf037d63\logs,info.log,file,2026-04-24 17:50:19
customers\yhty-20260319\4fecfde7-bc27-49ec-993a-376ccf037d63\logs\warning.log,customers\yhty-20260319\4fecfde7-bc27-49ec-993a-376ccf037d63\logs,warning.log,file,2026-04-24 17:50:19
customers\yhty-20260319\682d5971-4979-4b56-86ad-f6b5c371990c\logs\info.log,customers\yhty-20260319\682d5971-4979-4b56-86ad-f6b5c371990c\logs,info.log,file,2026-04-24 17:50:20
customers\yhty-20260319\682d5971-4979-4b56-86ad-f6b5c371990c\logs\warning.log,customers\yhty-20260319\682d5971-4979-4b56-86ad-f6b5c371990c\logs,warning.log,file,2026-04-24 17:50:20
customers\yhty-20260319\e320ac5d-427f-40d5-b53f-4a193231234c\logs\info.log,customers\yhty-20260319\e320ac5d-427f-40d5-b53f-4a193231234c\logs,info.log,file,2026-04-24 17:50:20
customers\yhty-20260319\e320ac5d-427f-40d5-b53f-4a193231234c\logs\warning.log,customers\yhty-20260319\e320ac5d-427f-40d5-b53f-4a193231234c\logs,warning.log,file,2026-04-24 17:50:20
customers\yhty-20260319\3cd00d2f-0671-4d13-80f6-885a04737b95\logs\info.log,customers\yhty-20260319\3cd00d2f-0671-4d13-80f6-885a04737b95\logs,info.log,file,2026-04-24 17:50:21
customers\yhty-20260319\3cd00d2f-0671-4d13-80f6-885a04737b95\logs\warning.log,customers\yhty-20260319\3cd00d2f-0671-4d13-80f6-885a04737b95\logs,warning.log,file,2026-04-24 17:50:21
customers\yhty-20260319\364704f9-911a-4248-bc90-4130d74f7a75\logs\info.log,customers\yhty-20260319\364704f9-911a-4248-bc90-4130d74f7a75\logs,info.log,file,2026-04-24 17:50:22
customers\yhty-20260319\364704f9-911a-4248-bc90-4130d74f7a75\logs\warning.log,customers\yhty-20260319\364704f9-911a-4248-bc90-4130d74f7a75\logs,warning.log,file,2026-04-24 17:50:22
customers\yhty-20260319\c855ed55-86cf-43ca-ab54-dbf9325afcd8\logs\info.log,customers\yhty-20260319\c855ed55-86cf-43ca-ab54-dbf9325afcd8\logs,info.log,file,2026-04-24 17:50:22
customers\yhty-20260319\c855ed55-86cf-43ca-ab54-dbf9325afcd8\logs\warning.log,customers\yhty-20260319\c855ed55-86cf-43ca-ab54-dbf9325afcd8\logs,warning.log,file,2026-04-24 17:50:22
customers\yhty-20260319\15b12b4f-7606-486c-aefe-e3f0b8c36cf7\logs\info.log,customers\yhty-20260319\15b12b4f-7606-486c-aefe-e3f0b8c36cf7\logs,info.log,file,2026-04-24 17:50:23
customers\yhty-20260319\15b12b4f-7606-486c-aefe-e3f0b8c36cf7\logs\warning.log,customers\yhty-20260319\15b12b4f-7606-486c-aefe-e3f0b8c36cf7\logs,warning.log,file,2026-04-24 17:50:23
customers\yhty-20260319\04337687-5193-46a6-8ff5-5952a0da51d7\logs\info.log,customers\yhty-20260319\04337687-5193-46a6-8ff5-5952a0da51d7\logs,info.log,file,2026-04-24 17:50:23
customers\yhty-20260319\04337687-5193-46a6-8ff5-5952a0da51d7\logs\warning.log,customers\yhty-20260319\04337687-5193-46a6-8ff5-5952a0da51d7\logs,warning.log,file,2026-04-24 17:50:23
customers\yhty-20260319\7d1b9c19-b2c5-4e64-ae90-7d4008ea40b5\logs\info.log,customers\yhty-20260319\7d1b9c19-b2c5-4e64-ae90-7d4008ea40b5\logs,info.log,file,2026-04-24 17:50:24
customers\yhty-20260319\7d1b9c19-b2c5-4e64-ae90-7d4008ea40b5\logs\warning.log,customers\yhty-20260319\7d1b9c19-b2c5-4e64-ae90-7d4008ea40b5\logs,warning.log,file,2026-04-24 17:50:24
customers\yhty-20260319\61a7355a-3888-4e54-9c49-113e529adb0f\logs\info.log,customers\yhty-20260319\61a7355a-3888-4e54-9c49-113e529adb0f\logs,info.log,file,2026-04-24 17:50:25
customers\yhty-20260319\61a7355a-3888-4e54-9c49-113e529adb0f\logs\warning.log,customers\yhty-20260319\61a7355a-3888-4e54-9c49-113e529adb0f\logs,warning.log,file,2026-04-24 17:50:25
customers\yhty-20260319\c563f716-b633-477a-aa36-828c5d0a6613\logs\info.log,customers\yhty-20260319\c563f716-b633-477a-aa36-828c5d0a6613\logs,info.log,file,2026-04-24 17:50:25
customers\yhty-20260319\c563f716-b633-477a-aa36-828c5d0a6613\logs\warning.log,customers\yhty-20260319\c563f716-b633-477a-aa36-828c5d0a6613\logs,warning.log,file,2026-04-24 17:50:25
customers\yhty-20260319\67dd2e01-5edc-43f5-a861-4a5e2561224d\logs\info.log,customers\yhty-20260319\67dd2e01-5edc-43f5-a861-4a5e2561224d\logs,info.log,file,2026-04-24 17:50:26
customers\yhty-20260319\67dd2e01-5edc-43f5-a861-4a5e2561224d\logs\warning.log,customers\yhty-20260319\67dd2e01-5edc-43f5-a861-4a5e2561224d\logs,warning.log,file,2026-04-24 17:50:26
customers\yhty-20260319\3439f15f-b76c-45a7-817a-ce450fbe84e9\logs\info.log,customers\yhty-20260319\3439f15f-b76c-45a7-817a-ce450fbe84e9\logs,info.log,file,2026-04-24 17:50:27
customers\yhty-20260319\3439f15f-b76c-45a7-817a-ce450fbe84e9\logs\warning.log,customers\yhty-20260319\3439f15f-b76c-45a7-817a-ce450fbe84e9\logs,warning.log,file,2026-04-24 17:50:27
customers\yhty-20260319\0d536443-0f16-4ada-a4c5-42647914ed52\logs\info.log,customers\yhty-20260319\0d536443-0f16-4ada-a4c5-42647914ed52\logs,info.log,file,2026-04-24 17:50:27
customers\yhty-20260319\0d536443-0f16-4ada-a4c5-42647914ed52\logs\warning.log,customers\yhty-20260319\0d536443-0f16-4ada-a4c5-42647914ed52\logs,warning.log,file,2026-04-24 17:50:27
customers\yhty-20260319\ea12b508-bf1e-4b30-89e2-0a8e16fa38e5\logs\info.log,customers\yhty-20260319\ea12b508-bf1e-4b30-89e2-0a8e16fa38e5\logs,info.log,file,2026-04-24 17:50:28
customers\yhty-20260319\ea12b508-bf1e-4b30-89e2-0a8e16fa38e5\logs\warning.log,customers\yhty-20260319\ea12b508-bf1e-4b30-89e2-0a8e16fa38e5\logs,warning.log,file,2026-04-24 17:50:28
customers\yhty-20260319\5b1ea4e4-08b5-4b38-9cc3-962558b09307\logs\info.log,customers\yhty-20260319\5b1ea4e4-08b5-4b38-9cc3-962558b09307\logs,info.log,file,2026-04-24 17:50:29
customers\yhty-20260319\5b1ea4e4-08b5-4b38-9cc3-962558b09307\logs\warning.log,customers\yhty-20260319\5b1ea4e4-08b5-4b38-9cc3-962558b09307\logs,warning.log,file,2026-04-24 17:50:29
customers\yhty-20260319\ae6eb2f6-4aca-4f92-a6af-f0edef00c3d6\logs\info.log,customers\yhty-20260319\ae6eb2f6-4aca-4f92-a6af-f0edef00c3d6\logs,info.log,file,2026-04-24 17:50:29
customers\yhty-20260319\ae6eb2f6-4aca-4f92-a6af-f0edef00c3d6\logs\warning.log,customers\yhty-20260319\ae6eb2f6-4aca-4f92-a6af-f0edef00c3d6\logs,warning.log,file,2026-04-24 17:50:29
customers\yhty-20260319\30c7292e-80f9-418f-8f70-b80323d2d85f\logs\info.log,customers\yhty-20260319\30c7292e-80f9-418f-8f70-b80323d2d85f\logs,info.log,file,2026-04-24 17:50:30
customers\yhty-20260319\30c7292e-80f9-418f-8f70-b80323d2d85f\logs\warning.log,customers\yhty-20260319\30c7292e-80f9-418f-8f70-b80323d2d85f\logs,warning.log,file,2026-04-24 17:50:30
customers\yhty-20260319\96124005-dc27-4d0f-b7c9-09ff625c9931\logs\info.log,customers\yhty-20260319\96124005-dc27-4d0f-b7c9-09ff625c9931\logs,info.log,file,2026-04-24 17:50:31
customers\yhty-20260319\96124005-dc27-4d0f-b7c9-09ff625c9931\logs\warning.log,customers\yhty-20260319\96124005-dc27-4d0f-b7c9-09ff625c9931\logs,warning.log,file,2026-04-24 17:50:31
customers\yhty-20260319\d48fc0ac-16f0-4929-8f0a-8dd028bd6d1a\logs\info.log,customers\yhty-20260319\d48fc0ac-16f0-4929-8f0a-8dd028bd6d1a\logs,info.log,file,2026-04-24 17:50:31
customers\yhty-20260319\d48fc0ac-16f0-4929-8f0a-8dd028bd6d1a\logs\warning.log,customers\yhty-20260319\d48fc0ac-16f0-4929-8f0a-8dd028bd6d1a\logs,warning.log,file,2026-04-24 17:50:31
customers\yhty-20260319\1715ba32-e533-4dab-8d1e-f04264687f7b\logs\info.log,customers\yhty-20260319\1715ba32-e533-4dab-8d1e-f04264687f7b\logs,info.log,file,2026-04-24 17:50:32
customers\yhty-20260319\1715ba32-e533-4dab-8d1e-f04264687f7b\logs\warning.log,customers\yhty-20260319\1715ba32-e533-4dab-8d1e-f04264687f7b\logs,warning.log,file,2026-04-24 17:50:32
customers\yhty-20260319\b6c49ec1-47d7-44bf-b41f-3bd14b735bd1\logs\info.log,customers\yhty-20260319\b6c49ec1-47d7-44bf-b41f-3bd14b735bd1\logs,info.log,file,2026-04-24 17:50:32
customers\yhty-20260319\b6c49ec1-47d7-44bf-b41f-3bd14b735bd1\logs\warning.log,customers\yhty-20260319\b6c49ec1-47d7-44bf-b41f-3bd14b735bd1\logs,warning.log,file,2026-04-24 17:50:32
customers\yhty-20260319\b34e9d72-356c-4532-bd84-5708db27f7e4\logs\info.log,customers\yhty-20260319\b34e9d72-356c-4532-bd84-5708db27f7e4\logs,info.log,file,2026-04-24 17:50:33
customers\yhty-20260319\b34e9d72-356c-4532-bd84-5708db27f7e4\logs\warning.log,customers\yhty-20260319\b34e9d72-356c-4532-bd84-5708db27f7e4\logs,warning.log,file,2026-04-24 17:50:33
customers\yhty-20260319\bd8ce0ad-a0e9-45d2-9517-9a59159e9d4a\logs\info.log,customers\yhty-20260319\bd8ce0ad-a0e9-45d2-9517-9a59159e9d4a\logs,info.log,file,2026-04-24 17:50:33
customers\yhty-20260319\bd8ce0ad-a0e9-45d2-9517-9a59159e9d4a\logs\warning.log,customers\yhty-20260319\bd8ce0ad-a0e9-45d2-9517-9a59159e9d4a\logs,warning.log,file,2026-04-24 17:50:33
customers\yhty-20260319\256a4234-3471-4d89-ad0e-5ad0bf7f3bce\logs\info.log,customers\yhty-20260319\256a4234-3471-4d89-ad0e-5ad0bf7f3bce\logs,info.log,file,2026-04-24 17:50:34
customers\yhty-20260319\256a4234-3471-4d89-ad0e-5ad0bf7f3bce\logs\warning.log,customers\yhty-20260319\256a4234-3471-4d89-ad0e-5ad0bf7f3bce\logs,warning.log,file,2026-04-24 17:50:34
customers\yhty-20260319\72c3e07b-dbf1-454d-9ee6-521b15ec3be5\logs\info.log,customers\yhty-20260319\72c3e07b-dbf1-454d-9ee6-521b15ec3be5\logs,info.log,file,2026-04-24 17:50:34
customers\yhty-20260319\72c3e07b-dbf1-454d-9ee6-521b15ec3be5\logs\warning.log,customers\yhty-20260319\72c3e07b-dbf1-454d-9ee6-521b15ec3be5\logs,warning.log,file,2026-04-24 17:50:34
customers\yhty-20260319\d6ca103e-fbfa-4b47-9734-a61a84f5816e\logs\info.log,customers\yhty-20260319\d6ca103e-fbfa-4b47-9734-a61a84f5816e\logs,info.log,file,2026-04-24 17:50:35
customers\yhty-20260319\d6ca103e-fbfa-4b47-9734-a61a84f5816e\logs\warning.log,customers\yhty-20260319\d6ca103e-fbfa-4b47-9734-a61a84f5816e\logs,warning.log,file,2026-04-24 17:50:35
customers\yhty-20260319\a83569d9-14f7-46cf-9a4a-7f4b4f1b0a5b\logs\info.log,customers\yhty-20260319\a83569d9-14f7-46cf-9a4a-7f4b4f1b0a5b\logs,info.log,file,2026-04-24 17:50:35
customers\yhty-20260319\a83569d9-14f7-46cf-9a4a-7f4b4f1b0a5b\logs\warning.log,customers\yhty-20260319\a83569d9-14f7-46cf-9a4a-7f4b4f1b0a5b\logs,warning.log,file,2026-04-24 17:50:35
customers\yhty-20260319\584562fa-4175-457a-9d52-2337b34136eb\logs\info.log,customers\yhty-20260319\584562fa-4175-457a-9d52-2337b34136eb\logs,info.log,file,2026-04-24 17:50:36
customers\yhty-20260319\584562fa-4175-457a-9d52-2337b34136eb\logs\warning.log,customers\yhty-20260319\584562fa-4175-457a-9d52-2337b34136eb\logs,warning.log,file,2026-04-24 17:50:36
customers\yhty-20260319\eddd99be-b71f-45e3-9939-dcc4c5877789\logs\info.log,customers\yhty-20260319\eddd99be-b71f-45e3-9939-dcc4c5877789\logs,info.log,file,2026-04-24 17:50:36
customers\yhty-20260319\eddd99be-b71f-45e3-9939-dcc4c5877789\logs\warning.log,customers\yhty-20260319\eddd99be-b71f-45e3-9939-dcc4c5877789\logs,warning.log,file,2026-04-24 17:50:36
customers\yhty-20260319\9fdcf43a-3d0b-4314-afa2-220eaabf9fa8\logs\info.log,customers\yhty-20260319\9fdcf43a-3d0b-4314-afa2-220eaabf9fa8\logs,info.log,file,2026-04-24 17:50:37
customers\yhty-20260319\9fdcf43a-3d0b-4314-afa2-220eaabf9fa8\logs\warning.log,customers\yhty-20260319\9fdcf43a-3d0b-4314-afa2-220eaabf9fa8\logs,warning.log,file,2026-04-24 17:50:37
customers\yhty-20260319\a4aa49bf-c478-452b-8433-b1eca25e03c2\logs\info.log,customers\yhty-20260319\a4aa49bf-c478-452b-8433-b1eca25e03c2\logs,info.log,file,2026-04-24 17:50:38
customers\yhty-20260319\a4aa49bf-c478-452b-8433-b1eca25e03c2\logs\warning.log,customers\yhty-20260319\a4aa49bf-c478-452b-8433-b1eca25e03c2\logs,warning.log,file,2026-04-24 17:50:38
customers\yhty-20260319\2c66b8aa-647d-44a5-8fc5-1e4c115fcc31\logs\info.log,customers\yhty-20260319\2c66b8aa-647d-44a5-8fc5-1e4c115fcc31\logs,info.log,file,2026-04-24 17:50:38
customers\yhty-20260319\2c66b8aa-647d-44a5-8fc5-1e4c115fcc31\logs\warning.log,customers\yhty-20260319\2c66b8aa-647d-44a5-8fc5-1e4c115fcc31\logs,warning.log,file,2026-04-24 17:50:38
customers\yhty-20260319\585860a4-58bd-4e0a-bf4d-87b2b5f9e81d\logs\info.log,customers\yhty-20260319\585860a4-58bd-4e0a-bf4d-87b2b5f9e81d\logs,info.log,file,2026-04-24 17:50:39
customers\yhty-20260319\585860a4-58bd-4e0a-bf4d-87b2b5f9e81d\logs\warning.log,customers\yhty-20260319\585860a4-58bd-4e0a-bf4d-87b2b5f9e81d\logs,warning.log,file,2026-04-24 17:50:39
customers\yhty-20260319\64f0fe75-cfb6-4e81-a56c-d6967d015242\logs\info.log,customers\yhty-20260319\64f0fe75-cfb6-4e81-a56c-d6967d015242\logs,info.log,file,2026-04-24 17:50:39
customers\yhty-20260319\64f0fe75-cfb6-4e81-a56c-d6967d015242\logs\warning.log,customers\yhty-20260319\64f0fe75-cfb6-4e81-a56c-d6967d015242\logs,warning.log,file,2026-04-24 17:50:39
customers\yhty-20260319\881a6272-25d8-4bce-8f41-36e8d36769b3\logs\info.log,customers\yhty-20260319\881a6272-25d8-4bce-8f41-36e8d36769b3\logs,info.log,file,2026-04-24 17:50:40
customers\yhty-20260319\881a6272-25d8-4bce-8f41-36e8d36769b3\logs\warning.log,customers\yhty-20260319\881a6272-25d8-4bce-8f41-36e8d36769b3\logs,warning.log,file,2026-04-24 17:50:40
customers\yhty-20260319\da90c54d-e372-497f-ad74-811fa1a323ba\logs\info.log,customers\yhty-20260319\da90c54d-e372-497f-ad74-811fa1a323ba\logs,info.log,file,2026-04-24 17:50:40
customers\yhty-20260319\da90c54d-e372-497f-ad74-811fa1a323ba\logs\warning.log,customers\yhty-20260319\da90c54d-e372-497f-ad74-811fa1a323ba\logs,warning.log,file,2026-04-24 17:50:40
customers\yhty-20260319\a5176f5f-a8dd-413f-b5fc-8572469fc55b\logs\info.log,customers\yhty-20260319\a5176f5f-a8dd-413f-b5fc-8572469fc55b\logs,info.log,file,2026-04-24 17:50:41
customers\yhty-20260319\a5176f5f-a8dd-413f-b5fc-8572469fc55b\logs\warning.log,customers\yhty-20260319\a5176f5f-a8dd-413f-b5fc-8572469fc55b\logs,warning.log,file,2026-04-24 17:50:41
customers\yhty-20260319\6126b8c4-28be-42b1-bd74-67de3084008c\logs\info.log,customers\yhty-20260319\6126b8c4-28be-42b1-bd74-67de3084008c\logs,info.log,file,2026-04-24 17:50:42
customers\yhty-20260319\6126b8c4-28be-42b1-bd74-67de3084008c\logs\warning.log,customers\yhty-20260319\6126b8c4-28be-42b1-bd74-67de3084008c\logs,warning.log,file,2026-04-24 17:50:42
customers\yhty-20260319\0055196e-b59b-4829-af71-7632f8557f5e\logs\info.log,customers\yhty-20260319\0055196e-b59b-4829-af71-7632f8557f5e\logs,info.log,file,2026-04-24 17:50:42
customers\yhty-20260319\0055196e-b59b-4829-af71-7632f8557f5e\logs\warning.log,customers\yhty-20260319\0055196e-b59b-4829-af71-7632f8557f5e\logs,warning.log,file,2026-04-24 17:50:42
customers\yhty-20260319\ceb82bc6-2343-4603-bcc1-aa9dede2b408\logs\info.log,customers\yhty-20260319\ceb82bc6-2343-4603-bcc1-aa9dede2b408\logs,info.log,file,2026-04-24 17:50:43
customers\yhty-20260319\ceb82bc6-2343-4603-bcc1-aa9dede2b408\logs\warning.log,customers\yhty-20260319\ceb82bc6-2343-4603-bcc1-aa9dede2b408\logs,warning.log,file,2026-04-24 17:50:43
customers\yhty-20260319\bef12512-d481-4c93-835e-2aec56e5fe55\logs\info.log,customers\yhty-20260319\bef12512-d481-4c93-835e-2aec56e5fe55\logs,info.log,file,2026-04-24 17:50:44
customers\yhty-20260319\bef12512-d481-4c93-835e-2aec56e5fe55\logs\warning.log,customers\yhty-20260319\bef12512-d481-4c93-835e-2aec56e5fe55\logs,warning.log,file,2026-04-24 17:50:44
customers\yhty-20260319\aafeb5b0-3fbb-4162-8708-a54d03331166\logs\info.log,customers\yhty-20260319\aafeb5b0-3fbb-4162-8708-a54d03331166\logs,info.log,file,2026-04-24 17:50:44
customers\yhty-20260319\aafeb5b0-3fbb-4162-8708-a54d03331166\logs\warning.log,customers\yhty-20260319\aafeb5b0-3fbb-4162-8708-a54d03331166\logs,warning.log,file,2026-04-24 17:50:44
customers\yhty-20260319\7a2ee17d-1344-4781-a265-525832a89295\logs\info.log,customers\yhty-20260319\7a2ee17d-1344-4781-a265-525832a89295\logs,info.log,file,2026-04-24 17:50:45
customers\yhty-20260319\7a2ee17d-1344-4781-a265-525832a89295\logs\warning.log,customers\yhty-20260319\7a2ee17d-1344-4781-a265-525832a89295\logs,warning.log,file,2026-04-24 17:50:45
customers\yhty-20260319\8cb4e497-7dbe-4fdb-8448-0605639253e1\logs\info.log,customers\yhty-20260319\8cb4e497-7dbe-4fdb-8448-0605639253e1\logs,info.log,file,2026-04-24 17:50:45
customers\yhty-20260319\8cb4e497-7dbe-4fdb-8448-0605639253e1\logs\warning.log,customers\yhty-20260319\8cb4e497-7dbe-4fdb-8448-0605639253e1\logs,warning.log,file,2026-04-24 17:50:45
customers\yhty-20260319\3eb7c6a5-a555-439c-8367-d1219ac866d2\logs\info.log,customers\yhty-20260319\3eb7c6a5-a555-439c-8367-d1219ac866d2\logs,info.log,file,2026-04-24 17:50:46
customers\yhty-20260319\3eb7c6a5-a555-439c-8367-d1219ac866d2\logs\warning.log,customers\yhty-20260319\3eb7c6a5-a555-439c-8367-d1219ac866d2\logs,warning.log,file,2026-04-24 17:50:46
